Wahlkreisnummer;Parteireihenfolge;Partei/Einzelbewerber;Landeslistenplatz;Nachname;Vorname;Titel;Beruf;Geburtsjahr;Wohnort;Geschlecht (1 = männlich - 2 = weiblich)
91;4;AfD;1;Wagner;Markus;;Mitglied des Landtages;1964;Bad Oeynhausen;1
48;4;AfD;2;Vincentz;Martin;Dr.;Mitglied des Landtages;1986;Krefeld;1
20;4;AfD;3;Keith-Volkmer;Andreas;;Mitglied des Landtages;1967;Leverkusen;1
109;4;AfD;4;Loose;Christian;;Mitglied des Landtages;1975;Bochum;1
87;4;AfD;5;Blex;Christian;Dr.;Mitglied des Landtages;1975;Wadersloh;1
16;4;AfD;6;Tritschler;Sven;;Mitglied des Landtages;1981;Köln;1
74;4;AfD;7;Seli-Zacharias;Enxhi;;Wissenschaftliche Mitarbeiterin;1993;Gelsenkirchen;2
22;4;AfD;8;Clemens;Carlo;;Wissenschaftlicher Mitarbeiter;1989;Bergisch Gladbach;1
32;4;AfD;9;Beucker;Hartmut;Dr.;Wissenschaftlicher Mitarbeiter, Rechtsanwalt;1962;Wuppertal;1
12;4;AfD;10;Esser;Klaus;;Landesgeschäftsführer der AfD NRW;1981;Düren;1
71;4;AfD;11;Zerbin;Daniel;Dr.;Professor;1973;Dorsten;1
47;4;AfD;12;Schalley;Zacharias;;Wissenschaftlicher Mitarbeiter;1991;Meerbusch;1
89;4;AfD;13;Röckemann;Thomas;;Mitglied des Landtages;1965;Minden;1
-;4;AfD;14;Seifen;Helmut;;Mitglied des Landtages;1953;Gronau;1
19;4;AfD;15;Dworeck-Danielowski;Iris;;Mitglied des Landtages;1978;Köln;2
127;4;AfD;16;Zaum;Christian;;Studienrat;1969;Bad Laasphe;1
62;4;AfD;17;Schaary;Alexander;;Wissenschaftlicher Mitarbeiter;1988;Duisburg;1
-;4;AfD;18;Pauen;Udo;;Rechtsanwalt, Notar a.D.;1949;Bottrop;1
23;4;AfD;19;Rummler;Bernd;;Veranstaltungsmanager;1969;Gummersbach;1
120;4;AfD;20;Zons;Ulrich;von;Wissenschaftlicher Mitarbeiter;1968;Lippstadt;1
124;4;AfD;21;Antoni;Jürgen;;Polizeibeamter;1964;Arnsberg;1
95;4;AfD;22;Dyck;Maxim;;Fraktionsmitarbeiter Landschaftsverband;1988;Gütersloh;1
-;4;AfD;23;Gedig;Dietmar;;Polizeioberkommissar;1985;Solingen;1
-;10;BIG;1;Acar-Gökce;Cemile;;Medizinische Fachangestellte;1975;Bielefeld;2
-;10;BIG;2;Alich;Robert;;Zahntechnikermeister;1972;Bielefeld;1
-;10;BIG;3;Baiazid;Mohamed Saleh;;Dolmetscher;1970;Bonn;1
-;10;BIG;4;Dikmen;Emre;;BWL-Student;1994;Mönchengladbach;1
-;10;BIG;5;Uluc;Mümün;;Unternehmer;1961;Mülheim an der Ruhr;1
-;10;BIG;6;Karagöz;Bilge;;Einzelhandelskauffrau;1977;Bielefeld;2
-;10;BIG;7;Yasar;Nuray;;Friseuse;1969;Mönchengladbach;2
-;10;BIG;8;Yildiz Üstündag;Özlem;;Schulsozialarbeiterin;1976;Bonn;2
-;10;BIG;9;Agbaba;Ugur;;Bauingenieur;1976;Bielefeld;1
-;10;BIG;10;Kalayci;Ahmet;;Sicherheitsbeauftragter;1977;Bielefeld;1
-;10;BIG;11;Akkaya;Gürel;;Anlagenführer;1968;Oberhausen;1
-;10;BIG;12;Zorlu;Yunusemre;;Gesundheitsmanager;1996;Bielefeld;1
76;1;CDU;1;Wüst;Hendrik;;Ministerpräsident;1975;Rhede;1
116;1;CDU;2;Scharrenbach;Ina;;Dipl.-Betriebswirtin (FH);1976;Kamen;2
24;1;CDU;3;Löttgen;Bodo;;Dipl.-Verwaltungswirt;1959;Nümbrecht;1
22;1;CDU;4;Reul;Herbert;;Minister des Innern;1952;Leichlingen;1
82;1;CDU;5;Laumann;Karl-Josef;;Maschinenschlosser, Landesminister;1957;Hörstel-Riesenbeck;1
18;1;CDU;6;Heinen-Esser;Ursula;;Staatsministerin;1965;Köln;2
113;1;CDU;7;Brandes;Ina;;Historikerin;1977;Düsseldorf;2
88;1;CDU;8;Winkelmann;Bianca;;Mitglied des Landtages;1967;Rahden;2
71;1;CDU;9;Hovenjürgen;Josef;;Mitglied des Landtages;1963;Haltern am See;1
47;1;CDU;10;Lienenkämper;Lutz;;Staatsminister, Mitglied des Landtages;1969;Meerbusch;1
61;1;CDU;11;Vogt;Petra;;Oberstudienrätin a. D.;1969;Duisburg;2
15;1;CDU;12;Liminski;Nathanael;;Staatssekretär, Chef der Staatskanzlei des Landes Nordrhein-Westfalen;1985;Düsseldorf;1
11;1;CDU;13;Peill;Patricia;Dr.;Dipl.-Kauffrau, Mitglied des Landtages;1962;Nörvenich;2
121;1;CDU;14;Schick;Thorsten;;Mitglied des Landtages;1971;Iserlohn;1
3;1;CDU;15;Schmitz;Hendrik;;Landwirtschaftlicher Unternehmer, Mitglied des Landtages;1978;Baesweiler;1
83;1;CDU;16;Wendland;Simone;;Rechtsanwältin;1963;Münster;2
95;1;CDU;17;Tigges;Raphael;;Sparkassenbetriebswirt, Mitglied des Landtages;1973;Gütersloh;1
75;1;CDU;18;Bunse;Antoinette;Dr.;Mitglied des Landtages;1958;Bottrop;2
43;1;CDU;19;Erwin;Angela;;Rechtsanwältin;1980;Düsseldorf;2
59;1;CDU;20;Quik;Charlotte;;Wissenschaftliche Mitarbeiterin, Mitglied des Landtages;1982;Hamminkeln;2
68;1;CDU;21;Schrumpf;Fabian;;Mitglied des Landtages, Rechtsanwalt;1982;Essen;1
5;1;CDU;22;Plonsker;Romina;;Bankkauffrau, Mitglied des Landtages;1988;Pulheim;2
53;1;CDU;23;Optendrenk;Marcus;Dr.;Jurist;1969;Nettetal;1
56;1;CDU;24;Hausmann;Wilhelm;;Architekt;1970;Oberhausen;1
17;1;CDU;25;Braun;Florian;;Mitglied des Landtages;1989;Köln;1
2;1;CDU;26;Fohn;Annika;;Sozialwissenschaftlerin, Doktorandin;1987;Aachen;2
119;1;CDU;27;Frieling;Heinrich;;Mitglied des Landtages, Rechtsanwalt;1985;Ense-Sieveringen;1
39;1;CDU;28;Heinisch;Jan;Dr.;Bürgermeister;1976;Heiligenhaus;1
92;1;CDU;29;Nettelstroth;Ralf;;Mitglied des Landtages, Rechtsanwalt;1964;Bielefeld;1
127;1;CDU;30;Fuchs-Dreisbach;Anke;;Physiotherapeutin, Mitglied des Landtages;1977;Bad Berleburg;2
105;1;CDU;31;Brandt;Christian;;Berufsschullehrer;1977;Herdecke;1
48;1;CDU;32;Oellers;Britta;;Sparkassenfachwirtin, Mitglied des Landtages;1973;Krefeld;2
30;1;CDU;33;Déus;Guido;;Mitglied des Landtages, Bundesbeamter, Dipl.-Finanzwirt;1968;Bonn;1
55;1;CDU;34;Bergmann;Günther;Dr.;Selbständiger Unternehmensberater;1965;Kalkar;1
98;1;CDU;35;Thiel;Christiane;;Reiseleiterin;1971;Lemgo;2
64;1;CDU;36;Hendriks;Heiko;;Unternehmensberater;1966;Mülheim an der Ruhr;1
28;1;CDU;37;Gebauer;Katharina;;Mitglied des Landtages;1987;Troisdorf;2
36;1;CDU;38;Nettekoven;Jens-Peter;;Mitglied des Landtages, Soldat;1978;Remscheid;1
7;1;CDU;39;Golland;Gregor;;Dipl.-Kaufmann, Mitglied des Landtages;1974;Brühl;1
126;1;CDU;40;Kamieth;Jens;;Rechtsanwalt, Mitglied des Landtages;1969;Siegen;1
84;1;CDU;41;Küppers;Teresa;;Dipl.-Sozialpädagogin;1978;Münster;2
8;1;CDU;42;Voussem;Klaus;;Mitglied des Landtages, Rechtsanwalt;1970;Euskirchen;1
91;1;CDU;43;Bobka;Christian;;Polizist;1968;Kirchlengern;1
69;1;CDU;44;Bergmaier;Marita;;Dipl.-Verwaltungswirtin;1966;Recklinghausen;2
87;1;CDU;45;Höner;Markus;;Staatlich geprüfter Landwirt;1975;Beckum;1
97;1;CDU;46;Hansen;Klaus;;Gärtnermeister;1968;Lage;1
37;1;CDU;47;Schlottmann;Claudia;;Mitglied des Landtages, Betriebswirtin;1962;Hilden;2
103;1;CDU;48;Rehbein;Dennis;;Bankkaufmann;1989;Hagen;1
46;1;CDU;49;Troles;Heike;;Mitglied des Landtages, Bilanzbuchhalterin;1969;Grevenbroich;2
51;1;CDU;50;Klenner;Jochen;;Redakteur, Mitglied des Landtages;1978;Mönchengladbach;1
110;1;CDU;51;Mähler;Markus;;Lehrer;1990;Herne;1
120;1;CDU;52;Blöming;Jörg;;Dipl.-Verwaltungswirt;1972;Erwitte;1
94;1;CDU;53;Frentrup genannt Stolte;Mechthild;Dr.;Dipl.-Agraringenieurin (FH), Unternehmensberaterin;1974;Steinhagen;2
85;1;CDU;54;Allendorf;Julian;Dr.;Betriebswirt;1990;Nottuln;1
57;1;CDU;55;Stehr;Simone-Tatjana;;Leitende Direktorin;1970;Oberhausen;2
45;1;CDU;56;Geerlings;Jörg;Dr.;Mitglied des Landtages, Rechtsanwalt;1972;Neuss;1
35;1;CDU;57;Haug;Sebastian;;Rechtsanwalt;1974;Solingen;1
108;1;CDU;58;Haardt;Christian;;Rechtsanwalt;1965;Bochum;1
34;1;CDU;59;Vesper-Pottkamp;Anja;;Wissenschaftliche Mitarbeiterin;1976;Wuppertal;2
118;1;CDU;60;Müller;Frederik;;Angestellter im Öffentlichen Dienst;1992;Hamm;1
1;1;CDU;61;Brantin;Holger;;Vorsitzender Richter am Landgericht;1964;Aachen;1
65;1;CDU;62;Fuchs;Jessica;;Steuerjuristin;1986;Essen;2
10;1;CDU;63;Schnelle;Thomas;;Kriminalhauptkommissar a.D., Mitglied des Landtages;1967;Hückelhoven;1
20;1;CDU;64;Scholz;Rüdiger;;Lehrer;1957;Leverkusen;1
106;1;CDU;65;Kramer;Sarah;;Polizeivollzugsbeamtin;1992;Witten;2
90;1;CDU;66;Kleineberg;Philip;;Betriebswirt;1986;Enger;1
73;1;CDU;67;Karl;Markus;;Dipl.-Bankbetriebswirt (Bankakademie);1967;Gelsenkirchen;1
50;1;CDU;68;Odermatt;Vanessa;;Dipl.-Finanzwirtin;1990;Mönchengladbach;2
49;1;CDU;69;Blondin;Marc;;Mitglied des Landtages;1972;Krefeld;1
32;1;CDU;70;Spiecker;Rainer;;Geschäftsführer eines Familienunternehmens;1961;Wuppertal;1
67;1;CDU;71;Großimlinghaus;Eva Martina;;Steuerberaterin;1975;Essen;2
123;1;CDU;72;Schwarzkopf;Ralf;;Geschäftsführer;1968;Lüdenscheid;1
60;1;CDU;73;Zupancic;Julia;;Selbständige Dipl.-Ökonomin;1981;Moers;2
93;1;CDU;74;Brüntrup;Tom;;Steuerinspektor;1997;Bielefeld;1
109;1;CDU;75;Klapperich;Stefan;;Student;1999;Bochum;1
-;1;CDU;76;Wellsow;Viola;;Sparkassenfachwirtin;1981;Brakel;2
13;1;CDU;77;Kehrl;Oliver;;Geschäftsführer, Mitglied des Landtages;1967;Köln;1
41;1;CDU;78;Lehne;Olaf;;Rechtsanwalt;1962;Düsseldorf;1
-;1;CDU;79;Duhme;Elke;;Sparkassenbetriebswirtin;1959;Telgte;2
117;1;CDU;80;Goetz;Torsten;;Bereichsleiter;1988;Bönen;1
38;1;CDU;81;Untrieser;Christian;Dr.;Mitglied des Landtages, Rechtsanwalt;1982;Erkrath;1
-;1;CDU;82;Schwarte;Marion;;Rentnerin;1955;Attendorn;2
112;1;CDU;83;Kalouti;Alexander Omar;;Leiter Presse- und Öffentlichkeitsarbeit;1968;Dortmund;1
89;1;CDU;84;Horstmann;Jonas;;Kfm. Angestellter;1996;Porta Westfalica;1
-;1;CDU;85;Heinen-Dauber;Petra;;Rechtsanwältin, Verwaltungsmitarbeiterin;1964;Mönchengladbach;2
21;1;CDU;86;Lucke;Martin;;Rechtsanwalt;1988;Bergisch Gladbach;1
63;1;CDU;87;Güner;Deniz;;Dipl.-Kaufmann (Univ.), Dipl.-Betriebswirt;1979;Duisburg;1
-;1;CDU;88;Braun-Näger;Birgit;;Dipl.-Rechtspflegerin;1973;Mechernich;2
4;1;CDU;89;Scheen-Pauls;Daniel;;Projektleiter;1992;Simmerath;1
29;1;CDU;90;Lienesch;Sascha;;Marketing-Manager;1978;Sankt Augustin;1
-;1;CDU;91;Casper;Claudia Maria;;Key Account Managerin;1989;Bergisch Gladbach;2
74;1;CDU;92;Schmitt;Michael;;Dipl.-Jurist;1998;Gelsenkirchen;1
42;1;CDU;93;Schmitz;Marco;;Angestellter öffentlicher Dienst;1979;Düsseldorf;1
-;1;CDU;94;Büscher;Veronika Helga;;Heilpraktikerin (PsychKg);1966;Dülmen;2
52;1;CDU;95;Görtz;Guido;;Industriekaufmann;1968;Willich;1
72;1;CDU;96;Bök;Patrick-Benjamin;Dr.;Professor für IT-Architektur und Software-Engeneering, Informatiker;1983;Datteln;1
-;1;CDU;97;Gartz;Simone;;Rechtsanwältin;1973;Viersen;2
122;1;CDU;98;Eggers;Matthias;;Geschäftsführer;1985;Menden;1
115;1;CDU;99;Zilian;Marcal;;Student;1999;Holzwickede;1
-;1;CDU;100;Pachal;Ann-Sophie;;Kreisinspektoranwärterin;1990;Ahlen;2
23;1;CDU;101;Berger;Christian;;Industriekaufmann;1978;Wipperfürth;1
-;1;CDU;102;Ratajczak;Daniela;;Dipl.-Kauffrau;1982;Bad Honnef;2
6;1;CDU;103;Okos;Thomas;;Betriebswirt, M. Sc. Business Administration;1988;Frechen;1
114;1;CDU;104;Nienhoff;Matthias;;Bankkaufmann;1989;Dortmund;1
-;1;CDU;105;Lahaye-Reiß;Birgitt;;Dipl.-Sportlehrerin;1960;Aachen;2
58;1;CDU;106;Beek;Sascha;van;Gesundheits- und Krankenpfleger;1983;Alpen;1
104;1;CDU;107;Ebbert;Alexander;;Industriefachwirt;1992;Breckerfeld;1
-;1;CDU;108;Wieczorek;Beatrix;;Dipl.-Ingenieurin Architektur;1964;Unna;2
40;1;CDU;109;Sträßer;Martin;;Mitglied des Landtages, Jurist;1959;Wülfrath;1
54;1;CDU;110;Wolters;Stephan;;Bankbetriebswirt, Land- und Forstwirt;1967;Geldern;1
-;1;CDU;111;Brauer;Kerstin;;Polizeibeamtin;1972;Lennestadt;2
9;1;CDU;112;Krückel;Bernd;;Steuerberater, Mitglied des Landtages;1964;Heinsberg;1
66;1;CDU;113;Ziegler;Thomas;;Gewerkschaftssekretär;1977;Essen;1
-;1;CDU;114;Dusdal;Elisabeth;;Kauffrau;1978;Marienheide;2
44;1;CDU;115;Blumenrath;Peter;;Versorgungsingenieur;1984;Düsseldorf;1
16;1;CDU;116;Welter;Thomas-Josef;;Immobilienunternehmer;1968;Köln;1
-;1;CDU;117;Czyz;Monika Alexandra;;Studentin;1999;Bochum;2
107;1;CDU;118;Schirmer;Maurice;;Referent für politische Kommunikation;1987;Bochum;1
111;1;CDU;119;Flur;Andreas;;Key Account Manager;1982;Dortmund;1
-;1;CDU;120;Stelten;Anna Maria;;Dipl.-Rechtspflegerin (FH);1990;Selfkant;2
62;1;CDU;121;Dase;Stefan;;Polizist;1984;Duisburg;1
26;1;CDU;122;Grunwald;Jonathan;;Dipl.-Volkswirt, Referatleiter;1983;Bad Honnef;1
-;1;CDU;123;Amazu;Deborah;;CTA, Fachkraft für Arbeitssicherheit;1980;Burbach;2
19;1;CDU;124;Kaven;Dominik;;Angestellter;1995;Köln;1
33;1;CDU;125;Herhausen;Hans-Jörg;;Unternehmer;1964;Wuppertal;1
-;1;CDU;126;Johann;Isabell Miriam;;Dipl.-Betriebswirtin (FH);1978;Odenthal;2
70;1;CDU;127;Langenkamp;Manfred;;Rektor;1979;Marl;1
-;1;CDU;128;Wladarz;Sebastian;;Akademischer PR-Berater;1975;Ratingen;1
-;1;CDU;129;Aslan;Leyla;;Sozialarbeiterin, Kinderpflegerin;1962;Kreuztal;2
-;1;CDU;130;Krüger;Stephan;;Wissenschaftlicher  Assistent ;1976;Köln;1
-;1;CDU;131;Schuhmann-Weßollek;Helga Gisela;;Dipl.-Kauffrau, Juristin;1963;Recklinghausen;2
-;1;CDU;132;Amelung;Kathrin;;Kfm. Angestellte;1981;Engelskirchen;2
-;1;CDU;133;Rilke-Haerst;Veronika Katharina;;Steuerberaterin;1952;Rösrath;2
-;1;CDU;134;Aßmann;Barbara;Dr.;Dipl.-Chemikerin;1966;Langenfeld;2
-;24;Die Humanisten;1;Niesik;Leonard;;Servicetechniker;1996;Siegen;1
-;24;Die Humanisten;2;Schäfer;Lasse;;Schüler;2003;Köln;1
-;24;Die Humanisten;3;Bartsch;Falko;;Physiotherapeut;1989;Münster;1
-;24;Die Humanisten;4;Siedek;Ralf;;Kaufmann;1970;Siegen;1
-;24;Die Humanisten;5;Zimmermann;Mechthild;;Medizinische Fachangestellte;1967;Essen;2
-;24;Die Humanisten;6;Zimmermann;Marc;;Softwareentwickler;1966;Essen;1
-;24;Die Humanisten;7;Trykowski;Katharina;;Dozentin für Deutsch als Fremdsprache;1986;Bochum;2
-;24;Die Humanisten;8;Kopp;Axel;;Online-Marketing-Berater;1982;Köln;1
-;24;Die Humanisten;9;Jancic;Nikola;;Staatlich geprüfter Techniker;1993;Bergisch Gladbach;1
-;24;Die Humanisten;10;Wilmer;Jörg;;Projektmanager;1968;Münster;1
-;24;Die Humanisten;11;Juppe;Melina;;Auszubildende Industriekauffrau;1998;Baesweiler;2
-;24;Die Humanisten;12;Hellbeck;Timo;;Auszubildender;2000;Mülheim an der Ruhr;1
14;6;DIE LINKE;1;Butterwegge;Carolin;Dr.;Lehrkraft;1974;Köln;2
67;6;DIE LINKE;2;El-Khatib;Jules;;Soziologe;1991;Essen;1
39;6;DIE LINKE;3;Eumann;Nina;;Steurfachwirtin;1965;Mülheim an der Ruhr;2
5;6;DIE LINKE;4;Decruppe;Hans;;Rechtsanwalt;1952;Bergheim;1
-;6;DIE LINKE;5;Gabrysch;Nicolin;;Dipl.-Volkswirtin;1976;Köln;2
43;6;DIE LINKE;6;Koerbel-Landwehr;Martin;;Verwaltungsangestellter;1959;Mönchengladbach;1
116;6;DIE LINKE;7;Kämpfe;Rebekka;;Studentin;1987;Wernde;2
18;6;DIE LINKE;8;Gerigk;Kalle;;Angestellter;1959;Köln;1
68;6;DIE LINKE;9;Swillus-Knöchel;Cornelia;;Tumordokumentarin;1963;Essen;2
72;6;DIE LINKE;10;Matentzoglou;Fotis;;Angestellter;1986;Castrop-Rauxel;1
110;6;DIE LINKE;11;Köllner;Wiebke;;freiberufliche Pflegedozentin;1995;Bochum;2
84;6;DIE LINKE;12;Thoden;Ulrich;;Lehrer;1973;Münster;1
1;6;DIE LINKE;13;Baltic;Sunaja;;Studentin;1998;Aachen;2
80;6;DIE LINKE;14;Kock;Felix;;Krankenpfleger;1992;Greven;1
71;6;DIE LINKE;15;Ellermann;Lisa;;Studentin;2002;Dorsten;2
77;6;DIE LINKE;16;Feldhaus;Nils;;Auszubildender;2000;Gronau/OT Epe;1
82;6;DIE LINKE;17;Kölker;Jennifer;;Selbstständiger Fotografin/Künstlerin;1985;Recke;2
20;6;DIE LINKE;18;Voigt;Sönke;;Student;1998;Köln;1
63;6;DIE LINKE;19;Peters;Anabella;;Angestellte;1993;Duisburg;2
36;6;DIE LINKE;20;Lange;Peter;;Angestellter;1965;Remscheid;1
117;6;DIE LINKE;21;Wohlgemuth;Katja;;Sonderpädagogin;1956;Bergkamen;2
24;6;DIE LINKE;22;Köstering;Jan;;Student;1997;Nümbrecht;1
13;6;DIE LINKE;23;Fellinger;Sofia;;Studentin;2002;Köln;2
57;6;DIE LINKE;24;Rösen;Christian;;Student;1985;Dinslaken;1
40;6;DIE LINKE;25;Onori;Birgit;;Krankenschwester;1967;Velbert;2
34;6;DIE LINKE;26;Sörensen-Siebel;Till;;Student;1996;Wuppertal;1
42;6;DIE LINKE;27;Bartelmus-Scholich;Edith;;Rentnerin;1956;Krefeld;2
61;6;DIE LINKE;28;Brachvogel;Matthias;;Softwareentwickler;1991;Duisburg;1
58;6;DIE LINKE;29;Bechert;Manuela;;Autorin/Journalistin;1981;Rheinberg;2
76;6;DIE LINKE;30;Büning;Frank;;wissen. Mitarbeiter;1966;Bocholt;1
34;8;Die PARTEI;1;Röder;Judith;;Wirtschaftsinformatikerin;1993;Solingen;2
112;8;Die PARTEI;2;De Zanet;Lisa Veronique;;Pressereferentin;1988;Dortmund;2
114;8;Die PARTEI;3;Obhues;Julius;;Bundesfreiwilligendienst;2002;Dortmund;1
14;8;Die PARTEI;4;Géczi;Judit;;Krankenschwester;1977;Burscheid;2
111;8;Die PARTEI;5;Neuhaus;Bettina;;Projektmanagerin;1969;Dortmund;2
113;8;Die PARTEI;6;Meyer;Patrick;;Erzieher;1985;Dortmund;1
-;8;Die PARTEI;7;Diwisch;Katharina;;Kundenbetreuerin;1986;Dortmund;2
-;8;Die PARTEI;8;Grabowski Perez;Dolorez;;Gesundheits- und Krankenpflegerin;1992;Dortmund;2
-;8;Die PARTEI;9;Schlösser;Olaf;;IT-Projektleiter;1971;Dortmund;1
-;8;Die PARTEI;10;Pätsch;Jennifer;;Dipl.-Sozialwissenschaftlerin;1981;Dortmund;2
-;8;Die PARTEI;11;Strahler;Mechtild;;Kfm. Angestellte;1965;Hörstel;2
35;8;Die PARTEI;12;Mothes;Max;;Angehender Industriemeister Metall;1998;Solingen;1
-;8;Die PARTEI;13;Guhl;Carina;;Personalreferentin;1987;Dortmund;2
-;8;Die PARTEI;14;Fischer;Frank;;Kaufmann im Gesundheitswesen;1966;Dortmund;1
-;8;Die PARTEI;15;Funk;Martina;;Reiseverkehrskauffrau;1967;Solingen;2
-;8;Die PARTEI;16;Rüding;Julia Beatrix;;Sonderpädagogin;1981;Dortmund;2
-;8;Die PARTEI;17;Liedschulte;Marcus;;Verkäufer;1970;Castrop-Rauxel;1
-;8;Die PARTEI;18;Goerdt;Sandra;;IT-Projektmanagerin;1974;Dortmund;2
108;8;Die PARTEI;19;Bormann;Lena;;Dipl.-Pädagogin;1983;Bochum;2
101;8;Die PARTEI;20;Baumgarten;Ronja-Marie;;Studentin;1993;Paderborn;2
-;8;Die PARTEI;21;Weichaus;Gino Marcel;;Software engineer;1987;Dortmund;1
92;8;Die PARTEI;22;Oberbäumer;Lena;;Lehrerin;1979;Bielefeld;2
-;8;Die PARTEI;23;Röder;Gereon;;Vertriebsaußendienstler;1988;Solingen;1
53;8;Die PARTEI;24;Weißkopf;Marion;;Dipl.-Umweltwissenschaftlerin;1969;Grefrath;2
-;8;Die PARTEI;25;Schulte-Limbeck;Harald;;Personalberater;1973;Solingen;1
-;8;Die PARTEI;26;Schlinkert;Julia Angelika;;Dipl.-Biologin;1979;Steinhagen;2
-;8;Die PARTEI;27;Reinders;Svenja;;Medizinproduktberaterin;1987;Kempen;2
-;8;Die PARTEI;28;Kemna;Andreas;;Suchtberater;1980;Castrop-Rauxel;1
-;8;Die PARTEI;29;Krüger;Glenn;;Angestellter;1971;Steinhagen;1
-;8;Die PARTEI;30;Wulf;Heike Maria;;Umweltingenieurin;1971;Bielefeld;2
-;8;Die PARTEI;31;Knüppel;Laura Valeria;;Psychologiestudentin;1987;Hagen;2
-;8;Die PARTEI;32;Busch;Saskia;;Veranstaltungskauffrau;1987;Hagen;2
-;8;Die PARTEI;33;Neumann;Viola;;Logistikstudentin;1993;Bochum;2
18;8;Die PARTEI;34;Kader;Sabine;;Gastronomiemitarbeiterin;1967;Köln;2
100;8;Die PARTEI;35;Niedernhöfer;Andre;;Geschäftsführer & Kfm. Angestellter;1992;Büren;1
66;8;Die PARTEI;36;Lukat;Jürgen;;Dipl.-Sozialarbeiter;1970;Essen;1
-;8;Die PARTEI;37;Loeper;Colin;;Geschäftsführer und Student;1999;Paderborn;1
-;8;Die PARTEI;38;Seliger;Bernd;;Student;1990;Mönchengladbach;1
-;8;Die PARTEI;39;Meyer zu Hücker;Marc;;Berufsvorbereitende Bildungsmaßnahme;2001;Steinhagen;1
-;8;Die PARTEI;40;Dierkes;Kevin;;Berufspolitiker und Student;1997;Paderborn;1
15;20;Die Urbane.;1;Müller;Yvonne;;Projektleitung;1982;Köln;2
-;20;Die Urbane.;2;Truderung;Tarah-Tanita;;Sozialarbeiterin, Studentin;1991;Köln;2
-;20;Die Urbane.;3;Moussa;Tarek;;Sozialarbeiter, Student;1998;Köln;1
-;14;DIE VIOLETTEN;1;Schmitz;Marion;;Rentnerin;1951;Oberhausen;2
56;14;DIE VIOLETTEN;2;Schäfer;Karin;;Rentnerin;1956;Oberhausen;2
57;14;DIE VIOLETTEN;3;Runte;Raimund;;Versicherungsmakler;1958;Oberhausen;1
-;14;DIE VIOLETTEN;4;Schäfer;Rainer;;Rentner;1956;Oberhausen;1
-;14;DIE VIOLETTEN;5;Jankowski;Ursula;;Rentnerin;1946;Oberhausen;2
-;14;DIE VIOLETTEN;6;Liesegang;Angelika;;Pensionärin;1970;Oberhausen;2
-;14;DIE VIOLETTEN;7;Haagen;Lieselotte;;Rentnerin;1951;Oberhausen;2
-;14;DIE VIOLETTEN;8;Melches;Vincenz;;Rentner;1958;Köln;1
92;18;dieBasis;1;Schwab;Martin;Prof. Dr.;Universitätsprofessor;1967;Bielefeld;1
50;18;dieBasis;2;Aranea Guillén;Mona;;Soziologin (PhD);1986;Mönchengladbach;2
-;18;dieBasis;3;Sattelmaier;Dirk;;Rechtsanwalt;1970;Köln;1
105;18;dieBasis;4;Bielski;Stephanie;;Tierphysiologin;1971;Sprockhövel;2
121;18;dieBasis;5;Krone;Patrick;;Bildungsreferent;1981;Iserlohn;1
31;18;dieBasis;6;Gintzel;Dirk;;Dipl.-Ing.;1963;Bonn;1
9;18;dieBasis;7;Marx;Jenny;;Kfm. Assistentin;1961;Geilenkirchen;2
106;18;dieBasis;8;Heiermann;Sven;;Qualitätsmanager;1977;Wetter;1
10;18;dieBasis;9;Aggelidis;Michael;;Rechtsanwalt;1962;Bonn;1
59;18;dieBasis;10;Bärmann;Markus;;Imkermeister;1964;Schermbeck;1
11;18;dieBasis;11;Hürttlen;Werner;;Dipl. Ing.;1963;Jülich;1
123;18;dieBasis;12;Kordaß-Aysanoǧlu;Stefanie;;Erzieherin;1968;Neuenrade;2
27;18;dieBasis;13;Sanchez Friedrich;Nathalie;;Referentin Organisation;1968;Bornheim;2
-;18;dieBasis;14;Metzger;Robert;;Personal Trainer;1977;Bottrop;1
20;18;dieBasis;15;Kaus;Michael;;Sozialkompetenz Trainer;1975;Leverkusen;1
-;18;dieBasis;16;Otte;Ralf;;Dipl. Ing.;1963;Schwelm;1
-;18;dieBasis;17;Baten;Holger;;IT Berater;1974;Düsseldorf;1
-;18;dieBasis;18;Schüler;Daniel;;Systemadministrator;1970;Heinsberg;1
-;18;dieBasis;19;Kreikebaum;Silke;;Quartiersmanagerin;1964;Neuenrade;2
-;18;dieBasis;20;Marks;Johannes;;Komponist;1968;Fröndenberg;1
-;18;dieBasis;21;Kasper;Angelika;;Lehrerin;1973;Erkelenz;2
-;18;dieBasis;22;Marx;Gabriele;;Unternehmensberaterin;1960;Hagen;2
-;18;dieBasis;23;Stenger;Birgit;;Dipl. Sportökonomin;1969;Düsseldorf;2
120;18;dieBasis;24;Löper;Anna;;Pädagogin;1958;Rüthen;2
43;18;dieBasis;25;Petarus;Lucia;;Gastronomin;1971;Düsseldorf;2
-;18;dieBasis;26;Busch;Normann;;Servicetechniker;1969;Erkelenz;1
-;18;dieBasis;27;Klisch;Sabine;;Kfm. Angestellte;1964;Haan;2
88;18;dieBasis;28;Ebert;Karsten;;Unternehmer;1963;Werther;1
21;18;dieBasis;29;Schlürscheid;Songül;;Bürokauffrau;1974;Köln;2
119;18;dieBasis;30;Sälzer;Wolfgang;;Kaufmann;1960;Rüthen;1
-;17;DKP;1;Warschun;Heike;;Pflegefachkraft;1967;Aachen;2
-;17;DKP;2;Dornemann;Marius;;Student;1992;Düsseldorf;1
92;17;DKP;3;Seel;Johanna;;Studentin;1999;Gütersloh;2
51;17;DKP;4;Rommerskirchen;Marcel;;Dipl. Musiker;1980;Mönchengladbach;1
65;17;DKP;5;Mammitzsch;Siw;;Angestellte;1977;Essen;2
126;17;DKP;6;Szau;Mark;;Angestellter;1987;Siegen;1
67;17;DKP;7;Kummer;Diana;;Physiotherapeutin;1986;Essen;2
68;17;DKP;8;Hör;Johannes;;Student;1996;Essen;1
-;17;DKP;9;Wieczorrek;Gabi;;Rentnerin;1959;Gelsenkirchen;2
-;17;DKP;10;Reefschläger;Jannik;;Erzieher;1996;Krefeld;1
-;17;DKP;11;Shariat Panahi;Shabnam;;Dipl.-Pädagogin;1980;Duisburg;2
70;17;DKP;12;Beyer-Peters;Detlev;;Krankenpfleger;1957;Marl;1
-;17;DKP;13;Lommes;Angelika;;Rentnerin;1956;Willich;2
-;17;DKP;14;Pahl;Simon;;Angestellter;1985;Düsseldorf;1
-;17;DKP;15;Koppe;Renate;;Angestellte;1961;Bonn;2
75;17;DKP;16;Dorka;Gerhard;;Rechtsanwalt;1955;Gladbeck;1
-;17;DKP;17;Fotiadis;Sascha;;Angestellter;1976;Lüdenscheid;1
-;19;DSP;1;Möller;Michael;;Redakteur;1962;Düsseldorf;1
-;19;DSP;2;Brakonier;Markus;;Lagerist;1970;Düsseldorf;1
-;19;DSP;3;Daams;Franz-Wilhelm;;Rentner;1949;Düsseldorf;1
-;19;DSP;4;Jansen;Stefan Wolfgang;;Sozialversicherungsfachangestellter;1971;Düsseldorf;1
-;19;DSP;5;Möller;Mike;;Abiturient;1996;Düsseldorf;1
-;19;DSP;6;Karis;Josef Peter;;Mineralölkaufmann;1949;Kaarst;1
-;19;DSP;7;Möller;Anke;;Krankenschwester;1966;Düsseldorf;2
-;19;DSP;8;Brakonier;Maria;;Verkäuferin;1970;Düsseldorf;2
116;22;FAMILIE;1;Piekenbrock;Ralf;;Polizist;1965;Selm;1
78;22;FAMILIE;2;Stratmann;Marcel;;Pflegefachkraft;1988;Coesfeld;1
-;22;FAMILIE;3;Wisse;Sharon;;Kindertagespflegeperson;1988;Selm;2
-;22;FAMILIE;4;Hausner;Bettina;;Geschäftsführerin;1971;Selm;2
-;22;FAMILIE;5;Schüssleder;Michael;;Musikproduzent und Discjockey;1972;Oer-Erkenschwick;1
-;22;FAMILIE;6;Piekenbrock;Tanja;;Sozialversicherungsfachangestellte;1972;Selm;2
-;22;FAMILIE;7;Geuking;Niels;;Student der Rechtswissenschaft;1992;Billerbeck;1
-;22;FAMILIE;8;Geuking;Anja;;Justizoberwachtmeisterin;1996;Billerbeck;2
-;22;FAMILIE;9;Völker;Tim;;Betriebswirt;1988;Dortmund;1
-;22;FAMILIE;10;Schnelle;Silke;;Rektorin eines Grundschulverbundes;1969;Dortmund;2
-;22;FAMILIE;11;Schilling;Oliver;;Kindertagespflegeperson;1969;Selm;1
-;22;FAMILIE;12;Krause;Klaudia;;Angestellte im öffentlichen Dienst;1968;Dülmen;2
-;22;FAMILIE;13;Matthias;Jordan;;Transformatorenmonteur;1961;Selm;1
-;22;FAMILIE;14;Dünker;Andreas;;IT-Manager;1967;Herten;1
-;22;FAMILIE;15;Sokolowski;Reiner;;Rentner;1957;Selm;1
-;22;FAMILIE;16;Chritinck;Heiner Leslie Otto;;Rentner;1946;Oberhausen;1
-;22;FAMILIE;17;Kölling;Robert;;KFZ-Mechatroniker;2000;Gescher;1
-;22;FAMILIE;18;Bartz;Vera Maike;;Polizistin;1973;Much;2
-;22;FAMILIE;19;Renners;Sebastian;;Sozialpädagoge;1983;Rosendahl;1
-;22;FAMILIE;20;Buchalik;Heiko Manfred;;Beamter a. D.;1974;Selm;1
-;22;FAMILIE;21;Kreisköther;Klaus-Dieter;;Rentner;1946;Oberhausen;1
-;22;FAMILIE;22;Jochmann;Sandra;;Gerichtsvollzieherin;1969;Herten;2
-;22;FAMILIE;23;Geuking;Nora;;Sozialversicherungsfachangestellte;1993;Billerbeck;2
-;22;FAMILIE;24;Leese;Joé;;Student Wirtschaftswissenschaft;1996;Lünen;1
-;22;FAMILIE;25;Wiemeler;Andrea;;Kfm. Angestellte;1969;Gescher;2
-;22;FAMILIE;26;Neubauer;Julia;;Fotografin und Grafikdesign;1986;Oer-Erkenschwick;2
-;22;FAMILIE;27;Tau;Markus;;Lagerarbeiter bei der Caritas;1976;Gladbeck;1
-;22;FAMILIE;28;Henning;Sebastian;;Kaufmann;1987;Borgholzhausen;1
-;22;FAMILIE;29;Schilling;Luca Lennert;;Azubi Autolackierer;2003;Selm;1
31;3;FDP;1;Stamp;Joachim;Dr.;Landesminister;1970;Bonn;1
16;3;FDP;2;Gebauer;Yvonne;;Mitglied des Landtages, Landesministerin;1966;Köln;2
120;3;FDP;3;Rasche;Christof;;Vorsitzender der FDP-Landtagsfraktion, Bankkaufmann;1962;Erwitte;1
26;3;FDP;4;Pinkwart;Andreas;Prof. Dr.;Landesminister, Hochschullehrer;1960;Alfter;1
123;3;FDP;5;Freimuth;Angela;;Landtagsvizepräsidentin, Rechtsanwältin;1966;Düsseldorf;2
68;3;FDP;6;Witzel;Ralf;;Dipl.-Kaufmann;1972;Düsseldorf;1
32;3;FDP;7;Hafke;Marcel;;Mitglied des Landtages;1982;Wuppertal;1
101;3;FDP;8;Lürbke;Marc;;Bankkaufmann, Mitglied des Landtages;1977;Paderborn;1
78;3;FDP;9;Höne;Henning;;Industriekaufmann, M. Sc. Betriebswirtschaft;1987;Coesfeld;1
53;3;FDP;10;Brockes;Dietmar;;Kaufmann, Mitglied des Landtages;1970;Brüggen;1
3;3;FDP;11;Pfeil;Werner;Dr.;Rechtsanwalt;1966;Aachen;1
38;3;FDP;12;Wedel;Dirk;;Staatssekretär;1974;Mettmann;1
115;3;FDP;13;Schneider;Susanne;;Krankenschwester,Pharmareferentin;1967;Schwerte;2
30;3;FDP;14;Müller-Rech;Franziska;;Dipl.-Kauffrau (FH), Versicherungskauffrau;1985;Bonn;2
110;3;FDP;15;Nückel;Thomas;;Journalist;1962;Herne;1
39;3;FDP;16;Steffen;Alexander;;Politikwissenschaftler;1993;Ratingen;1
87;3;FDP;17;Diekhoff;Markus;;Mitglied des Landtages;1978;Drensteinfurt;1
51;3;FDP;18;Terhaag;Andreas;;Mitglied des Landtages;1968;Mönchengladbach;1
41;3;FDP;19;Matheisen;Rainer;;Kaufmann;1980;Düsseldorf;1
97;3;FDP;20;Hannen;Martina;;Mitglied des Landtages, Dozentin;1970;Lage;2
13;3;FDP;21;Deutsch;Lorenz;;Mitglied des Landtages;1969;Köln;1
9;3;FDP;22;Lenzen;Stefan;;Mitglied des Landtages, Dipl.-Kaufmann (FH);1981;Heinsberg;1
64;3;FDP;23;Mangen;Christian;;Rechtsanwalt;1972;Mülheim an der Ruhr;1
88;3;FDP;24;Beihl;Daniela;;Politik- und Kommunikationswissenschaftlerin;1984;Espelkamp;2
55;3;FDP;25;Haupt;Stephan;;Bautechniker;1970;Bedburg-Hau;1
27;3;FDP;26;Freynick;Jörn;;Mitglied des Landtages;1982;Bornheim;1
118;3;FDP;27;Reuter;Ulrich;;Verlagskaufmann, Mitglied des Landtages;1964;Hamm;1
126;3;FDP;28;Weigel;Andreas;;Wirtschaftsinformatiker;1991;Wilnsdorf;1
1;3;FDP;29;Cormann;Claudia;;TV Redakteurin, Reporterin;1963;Aachen;2
83;3;FDP;30;Kemler;Maximilian;;Geschäftsführer;1989;Münster;1
46;3;FDP;31;Schumacher;Markus;;Dipl.-Kaufmann, Oberregierungsrat;1984;Grevenbroich;1
20;3;FDP;32;Franke;Petra;;Referentin;1983;Leverkusen;2
49;3;FDP;33;Dick;Daniel;;Politikwissenschaftler;1980;Krefeld;1
56;3;FDP;34;Hoff;Marc-Oliver;;Politischer Referent;1970;Oberhausen;1
93;3;FDP;35;Detlefsen;Kai;;Polizeibeamter;1973;Bielefeld;1
105;3;FDP;36;Westermann;Jenny;;Betriebswirtin;1987;Wetter (Ruhr);2
113;3;FDP;37;Buxmann;Xenia;;Dozentin für Deutsch als Fremdsprache;1991;Dortmund;2
23;3;FDP;38;Pizzato;Annette;;Kfm. Angestellte;1968;Radevormwald;2
35;3;FDP;39;Brattig;Nina;;Selbstständig;1966;Solingen;2
102;3;FDP;40;Hörr;Friedrich-Wilhelm;;Selbstständiger Großhandelskaufmann;1958;Nieheim;1
81;3;FDP;41;Harmsen;Beate;;Kfm. Angestellte;1969;Emsdetten;2
60;3;FDP;42;Borges;Constantin;;Bankkaufmann;1995;Moers;1
8;3;FDP;43;Schorn;Frederik;;Angestellter im öffentlichen Dienst;1991;Weilerswist;1
125;3;FDP;44;Köhne;Jobst;Dr.;Dipl.-Physiker;1963;Meschede;1
42;3;FDP;45;Rachner;Christine;Dr.;Ärztin;1968;Düsseldorf;2
69;3;FDP;46;Leson;Christian;Dr.;Dipl.-Biochemiker;1974;Oer-Erkenschwick;1
96;3;FDP;47;Seidel;Berit;;Volljuristin;1991;Rheda-Wiedenbrück;2
21;3;FDP;48;Engel;Alexander-Simon;Dr.;Zahnarzt;1992;Bergisch Gladbach;1
103;3;FDP;49;Hegenberg;Peter;;Zahnarzt;1964;Hagen;1
79;3;FDP;50;Schäfer;Sabine;;Lehrerin;1975;Lüdinghausen;2
61;3;FDP;51;Schulze Lohoff;Kira;;Juristin;1995;Duisburg;2
36;3;FDP;52;Clever;Torben;;Pädagoge;1987;Remscheid;1
112;3;FDP;53;Mehrer;Nils;;Student;2001;Dortmund;1
66;3;FDP;54;Müller;Heiko;;Polizeibeamter;1961;Essen;1
128;3;FDP;55;Stamm;Colin;;Student;2001;Münster;1
15;3;FDP;56;Westphal;Maria;;Oberstudienrätin;1984;Köln;2
107;3;FDP;57;Beck;Léon;;Referent Social Media, Student;1995;Bochum;1
48;3;FDP;58;Stelzhammer;Laura;;Juristin;1993;Düsseldorf;2
44;3;FDP;59;Litzius;Laura;;Gesundheits- und Krankenpflege;1994;Düsseldorf;2
2;3;FDP;60;Cierniak;Philip;;Student;1996;Aachen;1
7;3;FDP;61;Molitor;Gabriele;;PR-Journalistin;1962;Erftstadt;2
104;3;FDP;62;Böhler;Daniel;;Student der Politikwissenschaft;2000;Ennepetal;1
47;3;FDP;63;Kell;Simon;;IT-Projektmanager;1992;Jüchen;1
28;3;FDP;64;Heisters;Diana;;Fachkrankenschwester für Anästhesie;1977;Niederkassel;2
109;3;FDP;65;Christofor;Robert;;Student;2001;Bochum;1
12;3;FDP;66;Griskewitz;Jan;;Selbständiger Mediengestalter;1997;Schleiden;1
18;3;FDP;67;Urmetzer;Marc;;Glaser;1991;Köln;1
92;3;FDP;68;Knauf;Leo;;Student;2001;Bielefeld;1
14;3;FDP;69;Ritter;Eva-Maria;Dr.;Praxismanagement und Kommunikation;1971;Köln;2
43;3;FDP;70;Masberg-Eikelau;Daniela;;Rechtsanwältin;1974;Düsseldorf;2
111;3;FDP;71;Närdemann;Melina;;Studentin;1999;Dortmund;2
19;3;FDP;72;Uckrow;Klaus;;Journalist;1961;Köln;1
85;3;FDP;73;Belau;Linda;;Lehramtsanwärterin;1993;Münster;2
6;3;FDP;74;Pohlmann;Christian;Dr.;Politikwissenschaftler;1982;Kerpen;1
62;3;FDP;75;Benentreu;Sven;;Abgeordnetenmitarbeiter;1993;Duisburg;1
5;3;FDP;76;Zarazua;Nicolas;;Student;2002;Kerpen;1
17;3;FDP;77;Ozminski;Martin;;Student;2000;Köln;1
100;3;FDP;78;Zillmann;Anke;;Selbständig;1968;Paderborn;2
63;3;FDP;79;Erle;Dennis;;Kraftwerks-Mitarbeiter;1989;Duisburg;1
70;3;FDP;80;Dorka;Jörg;;Chemiefacharbeiter;1963;Marl;1
58;3;FDP;81;Cerutti;Franca;;Psychologische Psychotherapeutin;1976;Rheinberg;2
72;3;FDP;82;Golda;Robert;;Selbstständig;1992;Datteln;1
119;3;FDP;83;Hiltenkamp;Mayela;;Referentin für betriebl. Aus- u. Weiterbildung;1976;Werl;2
29;3;FDP;84;Schütze;Karl-Heinz;;Informatiker;1980;Sankt Augustin;1
25;3;FDP;85;Peters;Waldemar;;Selbstständig;1978;Windeck;1
95;3;FDP;86;Loermann;Daniel;;Zahnarzt;1985;Harsewinkel-Marienfeld;1
71;3;FDP;87;Ludwig;Lutz;;Bildungsreferent;1969;Dorsten;1
106;3;FDP;88;Tange;Enric;;Student, Studentische Hilfskraft;1999;Herdecke;1
74;3;FDP;89;Scharfenstein;Isabell;;Grundschullehrerin;1991;Gelsenkirchen;2
22;3;FDP;90;Frommenkord;Marco;;Unternehmer;1981;Wermelskirchen;1
24;3;FDP;91;Trautmann;Dominik;;Berufssoldat, Dipl.-Ing (FH);1982;Nümbrecht;1
50;3;FDP;92;Winkens;Daniel;;Büroleiter, Wissenschaftlicher Mitarbeiter;1990;Mönchengladbach;1
73;3;FDP;93;Hundt;Ralf;;Selbständig;1964;Gelsenkirchen;1
98;3;FDP;94;Allersmeier;Nils;;Geprüfter Wirtschaftsfachwirt;1995;Bad Salzuflen;1
75;3;FDP;95;Mersch;Andreas;;Geschäftsführer;1977;Bottrop;1
116;3;FDP;96;Rohrbach;Pascal;;Leiter eines Abgeordnetenbüros;1993;Lünen;1
10;3;FDP;97;Pakusa;Tino;;Staatlich geprüfter Betriebswirt;1979;Hückelhoven;1
37;3;FDP;98;Bange;Mirko;Dr.;Richter;1983;Langenfeld;1
84;3;FDP;99;Gerhardy;Martin;;Wissenschaftlicher Mitarbeiter, Jurist;1965;Münster;1
52;3;FDP;100;a Campo;Frank;Dr.;Mathematiker;1959;Viersen;1
65;3;FDP;101;Gräber;Klaus;;Selbständiger Immobilienkaufmann;1966;Essen;1
86;3;FDP;102;Schindler;Ron;;Angestellter;1979;Oelde;1
40;3;FDP;103;Sterz;Thomas;;Filialleiter, Bankkaufmann;1967;Mettmann;1
89;3;FDP;104;König;Matthias;Prof. Dr. Dr.;Professor;1972;Minden;1
67;3;FDP;105;Heinrich;Detlef;;Landesbeamter;1963;Essen;1
76;3;FDP;106;Hoves;Kim-Sophie;;Industriekauffrau, Gepr.Wirtschaftsfachwirtin;1995;Borken;2
122;3;FDP;107;Oberkampf;Frank;;Hörakustikmeister;1975;Menden (Sauerland);1
11;3;FDP;108;Muckrasch;Patrick;;Staatlich geprüfter Techniker, Elektrotechnik;1989;Aldenhoven;1
45;3;FDP;109;Schommers;Thomas;;Unternehmensberater, Hochschuldozent;1972;Neuss;1
121;3;FDP;110;Lilienbeck;Alexander;;Rechtsanwalt;1989;Werdohl;1
117;3;FDP;111;Knuhr;Sebastian;;Student (Rechtswissenschaften);1995;Bergkamen;1
91;3;FDP;112;Schäffer;Sven;;Kommissionierer;1988;Bünde;1
99;3;FDP;113;Thyzel;Elmar;Dr.;Selbständiger Unternehmensberater;1975;Detmold;1
127;3;FDP;114;Weiand;Carsten;;Konstrukteur im Stahlbau;1970;Erndtebrück;1
80;3;FDP;115;Schmitt;Alexander;;Immobilienkaufmann;1998;Greven;1
124;3;FDP;116;Wiethoff;Hubertus;;Lagerist;1968;Eslohe;1
4;3;FDP;117;Victor;Kurt;;Angestellter IT;1961;Monschau;1
82;3;FDP;118;Nieporte;Dennis;;Unternehmer;1982;Westerkappeln;1
103;9;FREIE WÄHLER;1;Buschner;Sara;;Rechtsanwältin;1970;Hagen;2
55;9;FREIE WÄHLER;2;Kühnen;Lutz;;Sicherheitsingenieur;1969;Kalkar;1
128;9;FREIE WÄHLER;3;Scheen;Thorsten;;Polizeibeamter;1974;Wenden;1
99;9;FREIE WÄHLER;4;Schnabel-Clever;Julia;;Goldschmiedin;1972;Detmold;2
-;9;FREIE WÄHLER;5;Huning;Mathias;;Lehrer;1969;Wülfrath;1
13;9;FREIE WÄHLER;6;Ilg;Torsten;;Filmschnittmeister;1970;Köln;1
9;9;FREIE WÄHLER;7;Schreinemacher;Walter Leo;;Architekt;1958;Heinsberg;1
119;9;FREIE WÄHLER;8;Wolf;Christian;;Rechtsanwalt;1970;Möhnesee;1
-;9;FREIE WÄHLER;9;Weiland;Hans-Peter;;Industriemeister;1959;Heinsberg;1
32;9;FREIE WÄHLER;10;Dahlmann;Henrik;;Angestellter;1980;Wuppertal;1
66;9;FREIE WÄHLER;11;Walter;Andreas;;Informatiker;1962;Essen;1
102;9;FREIE WÄHLER;12;Süper;Tristan;;Unternehmer;1991;Bad Driburg;1
48;9;FREIE WÄHLER;13;Krings;Ralf;;Selbstständiger Kaufmann;1967;Krefeld;1
98;9;FREIE WÄHLER;14;Ochsenfahrt;Ralf;;Malermeister;1963;Detmold;1
127;9;FREIE WÄHLER;15;Linde;Marion;;Buchhändlerin;1966;Bad Berleburg;2
125;9;FREIE WÄHLER;16;Hunold;Jörg;;Gerichtsvollzieher;1972;Brilon;1
33;9;FREIE WÄHLER;17;Lünsmann;Bettina;;Sekretärin;1960;Wuppertal;2
54;9;FREIE WÄHLER;18;Flick;Stephan;;Elektroingenieur;1961;Wachtendonk;1
97;9;FREIE WÄHLER;19;Otholt-Wall;Nina;;Einzelhandelskauffrau;1984;Bad Salzuflen;2
-;9;FREIE WÄHLER;20;Hudyma;Christa;;Bankkauffrau;1961;Medebach;2
-;9;FREIE WÄHLER;21;Alsdorf;Georg;;Betriebswirt;1975;Kempen;1
-;9;FREIE WÄHLER;22;Wokulat;Ulrich;;Beamter;1975;Leverkusen;1
-;9;FREIE WÄHLER;23;Rehse;Henning;;Chemiker;1962;Wermelskirchen;1
-;9;FREIE WÄHLER;24;Grumbach;Hans-Joachim;;Verwaltungsangestellter;1967;Düsseldorf;1
110;9;FREIE WÄHLER;25;Pietas;Sven;;Beamter;1979;Herne;1
88;9;FREIE WÄHLER;26;Klee;Martin;;Steuerberater;1962;Lübbecke;1
89;9;FREIE WÄHLER;27;Müller;Michael;;Steuerberater;1949;Porta Westfalica;1
106;9;FREIE WÄHLER;28;Michaelis;Thorsten;;technischer Direktor;1971;Wetter (Ruhr);1
90;9;FREIE WÄHLER;29;Schmidt;Claudia;;Dipl.-Kauffrau;1961;Hiddenhausen;2
-;9;FREIE WÄHLER;30;Holze;Marco;;Fachkraft für Lagerwirtschaft;1978;Herne;1
-;15;Gesundheitsforschung;1;Tielkes;Tim;;Spieleentwickler;1989;Bocholt;1
-;15;Gesundheitsforschung;2;Eckert;Patrick;;Student;1989;Düsseldorf;1
-;15;Gesundheitsforschung;3;Matamaru;Heiko;;Selbstständig;1975;Düsseldorf;1
-;15;Gesundheitsforschung;4;Carlson;Brigitte;;Dipl.-Psychologin, Psychologische Psychotherapeutin;1944;Bad Salzuflen;2
-;15;Gesundheitsforschung;5;Wrzyciel;Christian;;Student;1997;Monheim;1
41;5;GRÜNE;1;Neubaur;Mona;;Dipl.-Pädagogin, Geschäftsführerin;1977;Düsseldorf;2
83;5;GRÜNE;2;Paul;Josefine;;Mitglied des Landtages;1982;Münster;2
106;5;GRÜNE;3;Schäffer;Verena;;Mitglied des Landtages;1986;Witten;2
15;5;GRÜNE;4;Klocke;Arndt;;Referent;1971;Köln;1
18;5;GRÜNE;5;Aymaz;Berivan;;Übersetzerin;1972;Köln;2
80;5;GRÜNE;6;Rüße;Norwich;;Biolandwirt;1966;Steinfurt;1
95;5;GRÜNE;7;Brems;Wibke;;Mitglied des Landtages;1981;Gütersloh;2
68;5;GRÜNE;8;Mostofizadeh;Mehrdad;;Parlamentarischer Geschäftsführer, Wissenschaftlicher Mitarbeiter;1969;Essen;1
50;5;GRÜNE;9;Zingsheim-Zobel;Lena;;Sonderpädagogin;1993;Mönchengladbach;2
43;5;GRÜNE;10;Engstfeld;Stefan;;Mitglied des Landtages;1970;Düsseldorf;1
31;5;GRÜNE;11;Höller;Julia;Dr.;Regierungsrätin;1982;Bonn;2
111;5;GRÜNE;12;Röls;Michael;;Student der Raumplanung;1997;Dortmund;1
6;5;GRÜNE;13;Grothus;Antje;;Ernährungswissenschaftlerin;1964;Kerpen;2
100;5;GRÜNE;14;Creuzmann;Norika;;Dipl.-Sozialpädagogin;1966;Bad Lippspringe;2
61;5;GRÜNE;15;Wenzel;Julia;;Grafikdesignerin;1990;Duisburg;2
29;5;GRÜNE;16;Metz;Martin;;Angestellter;1983;Sankt Augustin;1
120;5;GRÜNE;17;Hanses;Dagmar;;Erzieherin;1975;Warstein;2
55;5;GRÜNE;18;Wille;Volkhard;Dr.;Dipl. Biologe;1967;Kleve;1
66;5;GRÜNE;19;Eğlence;Gönül;;Regionalleiterin einer Bildungsorganisation;1979;Essen;2
84;5;GRÜNE;20;Korte;Robin;Dr.;Lebensmittelchemiker;1988;Münster;1
92;5;GRÜNE;21;Osei;Christina;;Account-Managerin;1966;Bielefeld;2
14;5;GRÜNE;22;Jablonski;Frank;;Büroleiter, Referent;1974;Köln;1
48;5;GRÜNE;23;Thoms;Meral;;Soziologin (Referentin Landesverwaltung);1971;Tönisvorst;2
30;5;GRÜNE;24;Achtermeyer;Tim;;Marketing Associate;1993;Bonn;1
3;5;GRÜNE;25;Postma;Laura;;Psychologin;1993;Herzogenrath;2
69;5;GRÜNE;26;Matzoll;Jan;;Geschäftsführer;1985;Recklinghausen;1
74;5;GRÜNE;27;Bostancieri;Ilayda;;Familienhelferin;1995;Gelsenkirchen;2
128;5;GRÜNE;28;Kaiser;Gregor;Dr.;Land-/Forstwirt & Sozialwissenschaftler;1975;Lennestadt;1
86;5;GRÜNE;29;Tarner;Hedwig;;Dipl.- Geographin;1960;Warendorf;2
47;5;GRÜNE;30;Rock;Simon;;Volkswirt, Projektmanager;1988;Neuss;1
38;5;GRÜNE;31;Besche-Krastl;Ina;;Wissenschaftliche Mitarbeiterin;1986;Mettmann;2
88;5;GRÜNE;32;Rauer;Benjamin;;Sozialarbeiter;1983;Hüllhorst;1
-;5;GRÜNE;33;Marenholtz;Anja;von;Landesschatzmeisterin GRÜNE NRW;1971;Pulheim;2
24;5;GRÜNE;34;Zimmermann;Marc;;Wildnispädagoge;1972;Gummersbach;1
97;5;GRÜNE;35;Eisentraut;Julia;;Softwareentwicklerin;1993;Oerlinghausen;2
79;5;GRÜNE;36;Sonne;Dennis;;Finanzwirt;1984;Lüdinghausen;1
112;5;GRÜNE;37;Lögering;Katrin;;Geschäftsführerin;1990;Dortmund;2
90;5;GRÜNE;38;Reschinsky;Marvin;;Gewerkschaftssekretär;1992;Köln;1
20;5;GRÜNE;39;David;Santharupiny;;Wissenschaftliche Mitarbeiterin;1988;Leverkusen;2
60;5;GRÜNE;40;Wagener;Thomas;Dipl. Ing.;Ingenieur;1974;Neukirchen-Vluyn;1
107;5;GRÜNE;41;Bari;Anna;di;Studentin;2000;Bochum;2
4;5;GRÜNE;42;Noack;Philipp;;Volkswirt;1993;Aachen;1
126;5;GRÜNE;43;Köninger;Manuela;;Hochschullehrkraft;1978;Neunkirchen;2
98;5;GRÜNE;44;Pohl;Burkhard;Dr.;Gymnasiallehrer;1968;Lemgo;1
34;5;GRÜNE;45;Fuchs;Eva Miriam;;Senior Manager & Prokuristin;1980;Wuppertal;2
63;5;GRÜNE;46;Keser;Melih;;Kaufmann für Versicherungen und Finanzen;1986;Duisburg;1
21;5;GRÜNE;47;Lamberti;Andrea;;Sachbearbeiterin;1975;Rösrath;2
36;5;GRÜNE;48;Schichel;David;;Wissenschaftlicher Mitarbeiter;1981;Remscheid;1
12;5;GRÜNE;49;Elsner;Isabel;;Studentin;1996;Langerwehe;2
8;5;GRÜNE;50;Keßeler;Thomas;Dr.;Angestellter;1967;Euskirchen;1
78;5;GRÜNE;51;Raack;Mareike;;Politikwissenschaftlerin;1992;Coesfeld;2
42;5;GRÜNE;52;Mielczarek;Lukas;;Student;2000;Düsseldorf;1
81;5;GRÜNE;53;Dömer;Sandra;;Heilpädagogin;1983;Nordwalde;2
110;5;GRÜNE;54;May;Fabian;;Lehrer;1995;Herne;1
102;5;GRÜNE;55;Lücking;Uta;;Lehrerin;1971;Nieheim;2
22;5;GRÜNE;56;Langenbucher;Jürgen;;Dipl.- Sozialpädagoge;1965;Leichlingen;1
9;5;GRÜNE;57;Grübener;Sabrina;Dr.;Wissenschaftliche Mitarbeiterin;1982;Heinsberg;2
87;5;GRÜNE;58;Bas;Ali;;Lehrer;1976;Ahlen;1
124;5;GRÜNE;59;Sönnecken;Helle;;Vertriebsassistentin;1986;Sundern;2
26;5;GRÜNE;60;Gür-Seker;Derya;Dr.;Wissenschaftliche Mitarbeiterin;1981;Düsseldorf;2
67;5;GRÜNE;61;Sponheuer;Inga Marie;;Kulturvermittlerin- und managerin;1983;Essen;2
52;5;GRÜNE;62;Muschiol;Paul;;Bankkaufmann;1970;Willich;1
94;5;GRÜNE;63;Mamerow;Romy;;Leiterin Marketing/PR;1967;Bielefeld;2
101;5;GRÜNE;64;Möhl;Ulrich;;Dipl.-Sozialarbeiter;1975;Paderborn;1
-;5;GRÜNE;65;Pflogsch;Teresa;;Studentin;1998;Siegen;2
103;5;GRÜNE;66;Gerull;Alexandra;;Dozentin Erwachsenenbildung;1972;Hagen;2
54;5;GRÜNE;67;Backhaus;Paula;;Computer-Animateurin;1981;Uedem;2
114;5;GRÜNE;68;Brunner;Jenny;;Referentin für Öffentlichkeitsarbeit;1990;Dortmund;2
85;5;GRÜNE;69;Deppermann;Dorothea;;Beamtin;1983;Münster;2
118;5;GRÜNE;70;Soumaoro;Nelli Foumba;;Wirtschafts- und Politikberater;1990;Hamm;1
37;5;GRÜNE;71;Serag;Siedi;;Außenhandelskauffrau;1984;Langenfeld;2
62;5;GRÜNE;72;Galuszka;Kevin;;Gesundheits- und Krankenpfleger;1989;Duisburg;1
44;5;GRÜNE;73;El Makrini;Yousra;;Apothekerin;1993;Düsseldorf;2
46;5;GRÜNE;74;Schimanski;Dirk;;Polizeivollzugsbeamter;1971;Grevenbroich;1
71;5;GRÜNE;75;Wischnewski;Maya;;Studentin;1999;Recklinghausen;2
108;5;GRÜNE;76;Oberberg;Moritz;Dr.-Ing.;Elektroingenieur;1990;Bochum;1
13;5;GRÜNE;77;Woestmann;Eileen;;Sozialpädagogin;1993;Köln;2
113;5;GRÜNE;78;Dsicheu Djine;Jacques Armel;;Elektroingenieur;1986;Dortmund;1
82;5;GRÜNE;79;Wellmeier;Silke;;Keramikerin;1977;Tecklenburg;2
19;5;GRÜNE;80;Schlömer;Leon;;Student der Rechtswissenschaften;1997;Köln;1
1;5;GRÜNE;81;Vogelheim;Astrid;;Bauingenieurin;1970;Aachen;2
-;5;GRÜNE;82;Tucker;Dean;;Fliesenleger;1988;Münster;1
16;5;GRÜNE;83;Scholz;Friederike;;Juristin;1973;Köln;2
57;5;GRÜNE;84;Graf;Niklas;;Berater;1990;Dinslaken;1
104;5;GRÜNE;85;Backhoff;Petra;;Sozialarbeiterin;1969;Ennepetal;2
-;5;GRÜNE;86;Nagel;Thomas;;Richter;1983;Leverkusen;1
-;5;GRÜNE;87;Neumann;Heidi;;Erzieherin;1964;Burscheid;2
-;5;GRÜNE;88;Rutte;Daniel;Dr.;Geowissenschaftler;1986;Bonn;1
91;5;GRÜNE;89;Haack;Andrea;;Kauffrau;1967;Rödinghausen;2
-;5;GRÜNE;90;Beu;Rolf;;Mobilitätsberater;1957;Bonn;1
-;26;LfK;1;Flüchter;Nele;;Dipl. Pädagogin;1982;Düsseldorf;2
-;26;LfK;2;Reese;Nicole;Dr.;Professorin;1973;Bielefeld;2
-;26;LfK;3;Dohn;Susanne;;Biologietechnikerin;1981;Düsseldorf;2
-;26;LfK;4;Block;Martina;;Arbeitsvermittlerin;1978;Hiddenhausen;2
-;26;LfK;5;Nelkner;Johanna;;Datenwissenschaftlerin;1989;Bielefeld;2
-;26;LfK;6;Nelkner;Jonas;;Sachbearbeiter EHS;1984;Bielefeld;1
-;26;LfK;7;Seifert;Stefanie;;Berufsberaterin;1980;Düsseldorf;2
5;21;LIEBE;1;Susojev;Helene;;Unternehmerin;1979;Bergheim;2
28;21;LIEBE;2;Auer;Ewgeni;;Unternehmer;1976;Bad Honnef;1
-;21;LIEBE;3;Kabanov;Diana;;Unternehmensmanagerin;1998;Bedburg;2
-;21;LIEBE;4;Felker;Irina;;Lagermitarbeiterin;1977;Bergheim;2
-;21;LIEBE;5;Nagel;Oxana;;Betreuerin;1976;Bergheim;2
-;21;LIEBE;6;Shumilin;Sergey;;Unternehmer;1972;Bergheim;1
20;21;LIEBE;7;Kudinow;Daniel;;Schweißer;1987;Leverkusen;1
-;21;LIEBE;8;Bader;Julia;;Mediengestalterin Digital und Print;2001;Bergheim;2
-;21;LIEBE;9;Kaschirin;Irina;;Verkäuferin;1962;Bergheim;2
-;21;LIEBE;10;Mertens;Katharina;;Lagermitarbeiterin;1965;Bergheim;2
66;13;MLPD;1;Fechtner;Gabriele;;Werkzeugmechanikerin;1977;Gelsenkirchen;2
107;13;MLPD;2;Vöhringer;Anna;;Krankenschwester;1995;Bochum;2
-;13;MLPD;3;Ullmann;Fritz;;Texter;1979;Radevormwald;1
74;13;MLPD;4;Engel;Stefan;;Schlosser, Publizist;1954;Gelsenkirchen;1
63;13;MLPD;5;Römmele;Peter;;Stahlarbeiter;1977;Duisburg;1
111;13;MLPD;6;Rißmann;Sarah;;Lehrerin;1984;Dortmund;2
-;13;MLPD;7;Karadag;Mercan;;Kranken- und Gesundheitspflegerin;1969;Kamen;2
112;13;MLPD;8;Kossack;Klara;;Krankenschwester;1991;Dortmund;2
-;13;MLPD;9;Belka;Günter;;Bergmann;1959;Gelsenkirchen;1
73;13;MLPD;10;Gärtner;Lisa;;Mechatronikerin;1986;Gelsenkirchen;2
-;13;MLPD;11;Keil;Felix;;Auszubildender;1998;Minden;1
61;13;MLPD;12;Luong;Quo-Chir;;Kauffrau für Büromanagement;1987;Duisburg;2
-;13;MLPD;13;Jensen;Johanna;;Zerspanungsmechanikerin;1988;Gelsenkirchen;2
109;13;MLPD;14;Heidenreich;Ernesto;;Rechtsanwaltsfachangestellter;1998;Bochum;1
-;13;MLPD;15;Achenbach;Ulrich;;Lagerverwalter in Rente;1954;Bochum;1
67;13;MLPD;16;Siebers;Jens;;Fachkraft für Metalltechnik;1996;Essen;1
-;13;MLPD;17;Buljević;Vesna;;Schauspielerin;1954;Bochum;2
-;13;MLPD;18;Jacobs;Celina;;Mediengestalterin;2001;Gelsenkirchen;2
-;13;MLPD;19;Herbert;Ernst;Dr.;Praktischer Arzt;1952;Köln;1
-;23;neo;1;Gastmann;Jörg;;Selbstständig;1964;Bergisch-Gladbach;1
-;23;neo;2;Westerheide;Dirk;;Selbstständig;1957;Hückeswagen;1
-;23;neo;3;Käsler;Markus;;Angestellter;1968;Radevormwald;1
-;23;neo;4;Rommerskirchen;Christopher;;Industriekaufmann;1987;Dormagen;1
-;23;neo;5;Vogel;Andreas;;Angestellter;1961;Monheim am Rhein;1
-;23;neo;6;Klöpper;Ludger;;Vermessungsingenieur;1958;Beckum;1
-;23;neo;7;Rückschloß;Markus;;Projektleiter;1964;Neuss;1
-;23;neo;8;Streit;Frank;;Logopäde;1974;Lippstadt;1
-;23;neo;9;Horz;Kersten;Dr.;Geologe;1963;Dortmund;1
-;23;neo;10;Röntgen-Drexel;Silvia;;Selbstständig;1975;Radevormwald;2
-;23;neo;11;Schuschke;Reinhard;;Examinierter Altenpfleger;1960;Radevormwald;1
-;23;neo;12;Kunze;Michael;;Angestellter;1969;Engelskirchen;1
-;11;ÖDP;1;Nowak;Rita;;Bundesbahnhauptsekretärin i. R.;1957;Recklinghausen;2
-;11;ÖDP;2;Caniceus;Jeyaratnam;;Elektrotechnikmeister;1966;Kempen;1
-;11;ÖDP;3;Möller;Alina;;Studentin;1994;Münster;2
-;11;ÖDP;4;Döhring;Lisa;;Studentin;1999;Essen;2
-;11;ÖDP;5;Stamm;Markus;;IT-Leiter;1970;Bottrop;1
-;11;ÖDP;6;Einsiedler;Herbert;Prof. Dr.;Dipl. Kaufmann;1952;Meerbusch;1
-;11;ÖDP;7;Roleff;Werner;;Klinik-Seelsorger;1962;Köln;1
-;11;ÖDP;8;Krapp;Michael;;Geschäftsführer;1971;Münster;1
-;11;ÖDP;9;Gerhardt;Ludger;;Regierungsinspektoranwärter;1996;Ahlen;1
-;11;ÖDP;10;Witte;Thomas;;Versicherungsfachwirt;1981;Münster;1
-;11;ÖDP;11;Ruff-Dietrich;Susanne;Dr. med.;Ärztin;1966;Hattingen;2
-;11;ÖDP;12;Schiller;Franjo;;Dipl. Kaufmann i. R.;1944;Mönchengladbach;1
-;25;PdF;1;Sieper;Lukas;;Studierender;1997;Köln;1
-;25;PdF;2;Djelassi;Hamida;;Projektleiterin;1992;Hürth;2
-;25;PdF;3;Pietschmann;Jörg;;Studierender;1993;Köln;1
-;25;PdF;4;Strauß;Paul;;Pfleger;1982;Bielefeld;1
-;25;PdF;5;Klaus;Peter;;Verwaltungsfachwirt;1965;Bielefeld;1
-;25;PdF;6;Effertz;Kevin;;Studierender;1999;Pulheim;1
5;7;PIRATEN;1;Flohe;Alessa;;Angestellte im öffentlichen Dienst;1995;Kerpen;2
-;7;PIRATEN;2;Spieker;Wilk;;Betreuer BGB;1967;Bad Driburg;1
39;7;PIRATEN;3;Herrmann;Frank;;Datenschutzberater;1961;Ratingen;1
6;7;PIRATEN;4;Katzmarek;Kristian;;Lehrer;1994;Frechen;1
-;7;PIRATEN;5;Leurs;Sandra;;Altenpflegefachraft;1961;Krefeld;2
-;7;PIRATEN;6;Bechen;Sven;;Student;2001;Wuppertal;1
-;7;PIRATEN;7;Kodić Aguiar;Tatjana;;Fremdsprachenassistentin;1988;Recklinghausen;2
-;7;PIRATEN;8;Deckelmann;Andrea;;Reiseverkehrskauffrau;1964;Meerbusch;2
-;7;PIRATEN;9;Holtappels;Fabian;;Schüler;2002;Krefeld;1
-;7;PIRATEN;10;Gebel;Christian;;IT-Berater;1976;Dortmund;1
-;7;PIRATEN;11;Nyga;Carsten;;Angestellter im Lebensmittelhandel;1966;Bielefeld;1
-;7;PIRATEN;12;Graf;Oliver;;Informatiker;1969;Wuppertal;1
-;7;PIRATEN;13;Schütz;Viktor;;Elektrotechnischer Assistent;1990;Meschede;1
20;7;PIRATEN;14;Ding;Oliver;;Altenpfleger;1973;Leverkusen;1
10;7;PIRATEN;15;Boxberg;Norbert;;Großhandelskaufmann;1946;Wegberg;1
65;2;SPD;1;Kutschaty;Thomas;;Rechtsanwalt - zurzeit Mitglied des Landtages;1968;Essen;1
61;2;SPD;2;Philipp;Sarah;;Projektmanagerin;1983;Duisburg;2
79;2;SPD;3;Stinka;André;;Mitglied des Landtages;1965;Dülmen;1
122;2;SPD;4;Blask;Inge;;Mitglied des Landtages;1959;Hemer;2
15;2;SPD;5;Ott;Jochen;;Oberstudienrat a.D.;1974;Köln;1
97;2;SPD;6;Stock;Ellen;;Bekleidungstechnikerin/Schnittmacherin, Mitglied des Landtages;1966;Lage;2
36;2;SPD;7;Wolf;Sven;;Rechtsanwalt - zurzeit Mitglied des Landtages;1976;Remscheid;1
21;2;SPD;8;Durdu;Tülay;;Betriebswirtin;1974;Rösrath;2
123;2;SPD;9;Dudas;Gordan;;Mitglied des Landtages;1971;Lüdenscheid;1
76;2;SPD;10;Andrieshen;Nina;;Erzieherin;1980;Bocholt;2
118;2;SPD;11;Moor;Justus;;Pädagoge;1987;Hamm;1
128;2;SPD;12;Stamm;Christin-Marie;;Bachelor of Laws;1991;Olpe;2
-;2;SPD;13;Cordes;Frederick;;Mitglied des Landtages;1986;Oberhausen;1
39;2;SPD;14;Müller-Witt;Elisabeth;;Dipl.-Volkswirtin;1953;Ratingen;2
4;2;SPD;15;Kämmerling;Stefan;;Bankkaufmann, Mitglied des Landtages;1976;Eschweiler;1
71;2;SPD;16;Meinhardt;Sandy;;Integrationskraft;1981;Dorsten;2
82;2;SPD;17;Sundermann;Frank;;Gartenbauingenieur;1965;Westerkappeln;1
9;2;SPD;18;Reh;Andrea;;Schulleiterin;1974;Gangelt;2
41;2;SPD;19;Weske;Markus Herbert;;Mitglied des Landtages;1968;Düsseldorf;1
83;2;SPD;20;Benadio;Bibiane;;Pflegedienstleiterin;1977;Münster;2
90;2;SPD;21;Dahm;Christian;;Polizeibeamter;1963;Vlotho;1
48;2;SPD;22;Spanier-Oppermann;Ina;;Mitglied des Landtages;1962;Krefeld;2
126;2;SPD;23;Molzberger;Bernardo Adhemar;;Examinierter Krankenpfleger;1971;Siegen;1
30;2;SPD;24;Möhlenkamp;Magdalena;;Rechtsanwältin;1986;Bonn;2
124;2;SPD;25;Neuhaus;Frank;;Obergerichtsvollzieher;1969;Arnsberg-Bruchhausen;1
84;2;SPD;26;Beer;Sandra;;Wirtschaftspsychologin;1969;Münster;2
45;2;SPD;27;Jansen;Arno;;Jurist;1974;Neuss;1
102;2;SPD;28;Wieners;Nora;;Sozialwissenschaftslehrerin;1992;Warburg;2
8;2;SPD;29;Waasem;Thilo;;Volljurist, Steuerfachangestellter;1982;Bad Münstereifel;1
121;2;SPD;30;Ihme;Anja;;Rektorin im Schuldienst Land NRW;1971;Iserlohn;2
103;2;SPD;31;Jörg;Wolfgang;;Mitglied des Landtages;1963;Hagen;1
106;2;SPD;32;Büteführ;Nadja;Dr.;Kommunikationswissenschaftlerin;1966;Herdecke;2
28;2;SPD;33;Waldästl;Denis;;Bankkaufmann;1987;Sankt Augustin;1
35;2;SPD;34;Dobbert;Marina;;Arbeitsvermittlerin - zurzeit Mitglied des Landtages;1958;Solingen;2
87;2;SPD;35;Werning;Frederik;;Gewerkschaftssekretär;1990;Ahlen;1
72;2;SPD;36;Kapteinat;Lisa-Kristin;;Rechtsanwältin, Mitglied des Landtages;1989;Castrop-Rauxel;2
54;2;SPD;37;Aengenvoort;Lars;;Sicherheitsingenieur;1990;Geldern;1
25;2;SPD;38;Zorlu;Sara;;Unternehmerin;1985;Eitorf;2
99;2;SPD;39;Maelzer;Dennis;Dr.;Politikwissenschaftler, Mitglied des Landtages;1980;Detmold;1
107;2;SPD;40;Busche;Andrea;;Erzieherin;1971;Bochum;2
120;2;SPD;41;Behrens;Jens;;Filialleiter Sparkasse;1978;Lippstadt;1
51;2;SPD;42;Gauselmann;Josephine;;Wissenschaftliche Mitarbeiterin;1994;Mönchengladbach;2
115;2;SPD;43;Ganzke;Hartmut;;Mitglied des Landtages;1966;Unna;1
14;2;SPD;44;Steinmann;Lisa;;Veranstaltungskauffrau;1966;Köln;2
86;2;SPD;45;Pomberg;Ralf;;Rohmetzmeister;1973;Beelen;1
105;2;SPD;46;Stich;Kirsten;;Schulsozialarbeiterin;1968;Wetter;2
60;2;SPD;47;Yetim;Ibrahim;;Mitglied des Landtages;1965;Moers;1
96;2;SPD;48;Hasler;Rachel;;Studentin der Politikwissenschaften;1998;Verl;2
6;2;SPD;49;Dobbelstein;Daniel;;Geschäftsführer;1979;Kerpen;1
73;2;SPD;50;Siebel;Christin;;Gewerkschaftssekretärin;1985;Gelsenkirchen;2
119;2;SPD;51;Heemann;Till;;Brandschutzingenieur (M.Sc);1989;Soest;1
117;2;SPD;52;Gosewinkel;Silvia;;Logopädin;1986;Bönen;2
23;2;SPD;53;Peping;Thorben;;Student;1998;Lindlar;1
53;2;SPD;54;Jansen;Tanja;;Angestellte;1973;Nettetal;2
80;2;SPD;55;Gomes;Stevens;;Industriekaufmann;1980;Greven;1
114;2;SPD;56;Butschkau;Anja;;Dipl.-Sozialarbeiterin;1966;Dortmund;2
58;2;SPD;57;Schneider;René;;Mitglied des Landtages;1976;Kamp-Linfort;1
11;2;SPD;58;Schütten;Ingrid;;Dipl.-Musikpädagogin;1963;Niederzier;2
100;2;SPD;59;Sprink;Michael;;Bankfachwirt, Immobilienberater;1983;Salzkotten;1
104;2;SPD;60;Blumenthal;Ina;;Journalistin;1981;Gevelsberg;2
125;2;SPD;61;Weber;Hubertus;;Selbstständig (EDV Schwerpunkt Digitalisierung);1965;Brilon;1
33;2;SPD;62;Engin;Dilek;;Oberstudienrätin;1981;Wuppertal;2
77;2;SPD;63;Ricking;Norbert;;Theologe;1965;Gronau;1
3;2;SPD;64;Voigt-Küppers;Eva-Maria;;Staatlich anerkannte Erzieherin, Mitglied des Landtages;1958;Würselen;2
127;2;SPD;65;Schneider;Samir;;CNC-Programmierer;1984;Bad Laasphe;1
69;2;SPD;66;Kavena;Anna;;Dipl.-Sozialpädagogin;1986;Recklinghausen;2
32;2;SPD;67;Bialas;Andreas;;Polizist - zurzeit Mitglied des Landtages;1968;Wuppertal;1
92;2;SPD;68;Kampmann;Christina;;Dipl.-Verwaltungswirtin, Mitglied des Landtages;1980;Bielefeld;2
31;2;SPD;69;Kunze;Gabriel;;Angestellter;1981;Bonn;1
113;2;SPD;70;Lüders;Nadja;;Rechtsanwältin;1970;Dortmund;2
81;2;SPD;71;Bems;Dominik;;Abgeordnetenmitarbeiter;1983;Rheine;1
43;2;SPD;72;Maus;Annika;;Stadtoberinspektorin;1987;Düsseldorf;2
85;2;SPD;73;Kollmann;Thomas;;Geschäftsführer;1959;Münster;1
89;2;SPD;74;Weng;Christina;;Mitglied des Landtages;1961;Minden;2
78;2;SPD;75;Kemper;Jan;;Leiter Marketing & Kommunikation;1980;Heiden;1
20;2;SPD;76;Koepke;Ariane;;Zahnärztin;1976;Leverkusen;2
34;2;SPD;77;Neumann;Josef;;Geschäftsführer - zurzeit Mitglied des Landtages;1960;Solingen;1
68;2;SPD;78;Schlupkothen;Judith;;Bürokauffrau, Studentin;1981;Essen;2
17;2;SPD;79;Joisten;Christian;;Leiter Customer Relations & Networking;1971;Köln;1
55;2;SPD;80;Becker;Christin;;Fraktionsassistentin;1981;Bedburg-Hau;2
70;2;SPD;81;Löcker;Carsten;;Mitglied des Landtages;1961;Herten;1
13;2;SPD;82;Blümel;Berit;;Dipl.-Kauffrau;1967;Köln;2
108;2;SPD;83;Hartmann;Bastian;Dr.;Sozialwissenschaftler;1984;Bochum;1
46;2;SPD;84;Burdag;Birgit;;Gesamtschuldirektorin;1957;Dormagen;2
111;2;SPD;85;Stoltze;Ralf;;Cutter;1956;Dortmund;1
27;2;SPD;86;Peters;Anna;;Online-Marketing-Managerin;1985;Bornheim;2
116;2;SPD;87;Schmeltzer;Rainer;;Gewerkschaftssekretär;1961;Lünen;1
49;2;SPD;88;Nowak;Katharina;;Dipl.-Theologin;1984;Krefeld;2
93;2;SPD;89;Akay;Nesrettin;;Fahrlehrer;1974;Bielefeld;1
59;2;SPD;90;Löwenstein;Kerstin;;Dipl.-Forstwirtin;1958;Hamminkeln;2
75;2;SPD;91;Göddertz;Thomas;;Dipl.-Kaufmann;1960;Bottrop;1
2;2;SPD;92;Wallraff;Renate;;Dipl.-Sozialpädagogin;1973;Aachen;2
74;2;SPD;93;Watermeier;Sebastian;;Mitglied des Landtages;1984;Gelsenkirchen;1
67;2;SPD;94;Kahle-Hausmann;Julia;;Beraterin Organisationsentwicklung;1971;Essen;2
109;2;SPD;95;Yüksel;Serdar;;Krankenpfleger;1973;Bochum;1
16;2;SPD;96;Teschlade;Lena;;Sozialarbeiterin;1988;Köln;2
112;2;SPD;97;Baran;Volkan;;Angestellter;1978;Dortmund;1
26;2;SPD;98;Echterhoff-Nikolidakis;Charlotte;Dr.;Wissenschaftliche Referentin;1985;Sankt Augustin;2
88;2;SPD;99;Schröder;Andreas;;Polizeibeamter;1968;Lübbecke;1
10;2;SPD;100;Simons;Heike;;Altenpflegerin;1971;Wassenberg;2
110;2;SPD;101;Vogt;Alexander;;Journalist, Mitglied des Landtages;1978;Herne;1
19;2;SPD;102;Kirsch;Carolin;;Beamtin Land NRW;1967;Köln;2
42;2;SPD;103;Schreiber;Oliver;;Regierungsdirektor;1982;Düsseldorf;1
56;2;SPD;104;Bongers;Sonja;;Rechtsanwältin;1976;Oberhausen;2
52;2;SPD;105;Maaßen;Lukas;;Politikwissenschaftler;1991;Willich;1
1;2;SPD;106;van den Hurk;Jan;Dr.;Ingenieur;1981;Aachen;1
37;2;SPD;107;Nasemann;Marc;;Koch;1983;Langenfeld;1
29;2;SPD;108;Schmidt;Oliver;;Sparkassenbetriebswirt;1972;Siegburg;1
101;2;SPD;109;Voigtländer;Roger;;Angestellter/Niederlassungsleiter;1963;Paderborn;1
50;2;SPD;110;Roth;Michael;;Rechtsanwalt;1988;Mönchengladbach;1
12;2;SPD;111;Dichant;Maximilian;;Projektleiter;1992;Düren;1
38;2;SPD;112;Stascheit;Matthias;;Polizeibeamter;1982;Mettmann;1
24;2;SPD;113;Schneider;Tobias;;Heilerziehungspfleger;1982;Morsbach;1
44;2;SPD;114;Bohrmann;Jürgen;;Kraftwerksmeister;1960;Düsseldorf;1
7;2;SPD;115;Odabasi;Halil;;Beamter;1979;Wesseling;1
40;2;SPD;116;Söyler;Cüneyt;;wissenschaftlicher Mitarbeiter;1987;Velbert;1
5;2;SPD;117;Coumanns;Bernd;;Angestellter;1975;Bedburg;1
47;2;SPD;118;Knuppertz;Marcel;;Lehrer;1992;Korschenbroich;1
95;2;SPD;119;Schneidt;Stefan;;Student der Politik- & Rechtswissenschaften;2000;Gütersloh;1
18;2;SPD;120;Schuster;Florian;;Volkswirt;1993;Köln;1
64;2;SPD;121;Bakum;Rodion;;Arzt;1990;Mülheim an der Ruhr;1
98;2;SPD;122;Baer;Alexander;;Sparkassenbetriebswirt;1975;Lemgo;1
91;2;SPD;123;Obrok;Christian;;Wissenschaftlicher Mitarbeiter, Diplo-Pädagoge;1977;Bünde;1
66;2;SPD;124;Müller;Frank;;Mitglied des Landtages;1977;Essen;1
22;2;SPD;125;Lemmer;Sebastian;;Gastronom;1981;Leichlingen;1
94;2;SPD;126;Klute;Thorsten;;Volljurist, Vorstand;1974;Versmold;1
57;2;SPD;127;Zimkeit;Stefan;;Mitglied des Landtages;1964;Oberhausen;1
62;2;SPD;128;Falszewski;Benedikt;;Sachbearbeiter;1982;Duisburg;1
63;2;SPD;129;Börner;Frank;;Kfm. Angestellter;1966;Duisburg;1
-;28;Team Todenhöfer;1;Koos;Hans-Joachim;;Unternehmer;1963;Paderborn;1
75;28;Team Todenhöfer;2;Hadid;Mohamad Samer;;Chirurg;1978;Bottrop;1
27;28;Team Todenhöfer;3;Rose-Hallgrimson;Nastassja;;Leitende Angestellte;1977;Alfter;2
63;28;Team Todenhöfer;4;Arslan;Kübra;;Lehrerin;1984;Duisburg;2
-;28;Team Todenhöfer;5;El-Zein;Omar;;Kaufmann;2000;Gelsenkirchen;1
103;28;Team Todenhöfer;6;Ikram;Mohammad;;Unternehmer;1972;Düsseldorf;1
60;28;Team Todenhöfer;7;Dunker;Holger;;Unternehmer;1965;Xanten;1
-;28;Team Todenhöfer;8;Orfali;Badr;;Manager;1987;Hagen;1
-;28;Team Todenhöfer;9;Rajab;Muhanad;;Orthopäde;1982;Castrop-Rauxel;1
-;28;Team Todenhöfer;10;Sarikaya;Abdullah;;Angestellter;1991;Hagen;1
72;28;Team Todenhöfer;11;Sealiti;Tarik;;Unternehmer;1978;Castrop-Rauxel;1
121;27;Tierschutzpartei;1;Siethoff;Michael;;Kommunalbeamter;1970;Iserlohhn;1
111;27;Tierschutzpartei;2;Remiszewski;Angelika;;Lehrerin;1957;Dortmund;2
113;27;Tierschutzpartei;3;Everding;Sebastian;;Nachhaltigkeits-Unternehmer;1983;Dortmund;1
51;27;Tierschutzpartei;4;Nitsch;Corinna;;Sachbearbeiterin;1990;Möchengladbach;2
112;27;Tierschutzpartei;5;Badura;Michael;;Leitender Angestellter;1962;Dortmund;1
-;27;Tierschutzpartei;6;Scherer;Annette;;Lehrerin;1981;Hennef;2
-;27;Tierschutzpartei;7;Strykala;Joachim;;Rentner;1951;Essen;1
73;27;Tierschutzpartei;8;Etgeton;Gabriele;;Landesangestellte;1959;Gelsenkirchen;2
-;27;Tierschutzpartei;9;Stinder;Sascha;;Berufskraftfahrer i. ÖPNV;1972;Wuppertal;1
-;27;Tierschutzpartei;10;Schmidt;Erika;;Rentnerin;1955;Dortmund;2
-;27;Tierschutzpartei;11;Springsklee;Christian;;Sachbearbeiter;1992;Bielefeld;1
-;27;Tierschutzpartei;12;Dörner;Andrea;;Freiberuflerin;1963;Düsseldorf;2
50;27;Tierschutzpartei;13;Wintzen;Jürgen;;Entsorgungstechniker;1975;Möchengladbach;1
17;27;Tierschutzpartei;14;Heidtmann;Dirk;;Selbständig;1964;Köln;1
29;12;Volksabstimmung;1;Fleck;Helmut;Dr.;Dipl.-Bauingenieur, Wirtschaftsingenieur;1938;Siegburg;1
25;12;Volksabstimmung;2;Romczykowski;Andrea;;Hausfrau;1991;Much;2
26;12;Volksabstimmung;3;Plantiko;Claus;;Oberstleutnant a.D.;1938;Bonn;1
28;12;Volksabstimmung;4;Frick;Andreas;;Heizungsinstallateur;1949;Troisdorf;1
-;12;Volksabstimmung;5;Schug;Anita Katharina;;geprüfte Heilpraktikerin;1949;Hennef;2
-;12;Volksabstimmung;6;Romczykowski;Ernst-Peter;;Konditor;1956;Much;1
34;29;Volt;1;Nießer;Gina;;Studentin;1998;Wuppertal;2
17;29;Volt;2;Gudacker;Christopher;;Selbstständig;1988;Köln;1
41;29;Volt;3;Hovestadt;Paula;;Duale Studentin;1999;Düsseldorf;2
21;29;Volt;4;Blümke;Markus;;Polizeibeamter;1972;Bergisch Gladbach;1
115;29;Volt;5;Meyer;Nancy;;Lehrerin;1983;Unna;2
45;29;Volt;6;Schubert;Denis;;Referent;1987;Neuss;1
16;29;Volt;7;Loscheider;Laura Claire;;Beschäftigte der Sozial-Betriebe Köln GmbH;1993;Köln;2
19;29;Volt;8;Steimel;David;;Lehrer;1988;Köln;1
42;29;Volt;9;Noltekuhlemann;Frances;;Unternehmensberaterin;1992;Düsseldorf;2
84;29;Volt;10;Grewer;Martin;;Student;1988;Münster;1
43;29;Volt;11;Krause;Isabelle;;Referentin;1991;Düsseldorf;2
30;29;Volt;12;Sanchez Copano;Fabio;;Notfallsanitäter;1996;Bonn;1
-;29;Volt;13;Ditscheid Uellendahl;Janine;;Beraterin;1965;Köln;2
107;29;Volt;14;Sontag;Christian;;Künstler;1977;Troisdorf;1
-;29;Volt;15;Witzel;Elena;;Studentin;1995;Dortmund;2
-;29;Volt;16;Pollet;Marius;;Scientific Support Specialist;1987;Köln;1
-;29;Volt;17;Browers;Andrea;;Angestellte;1971;Köln;2
-;29;Volt;18;Kocakoc;Kerim;;Schüler;2003;Lemgo;1
-;29;Volt;19;Wagner;Julius;;Dualer Student;2001;Bonn;1
-;29;Volt;20;Gerhardus;Marianne;;Architektin;1958;Siegen;2
31;29;Volt;21;Rauch;Thomas;;Risikocontroller;1970;Bonn;1
-;29;Volt;22;Kuom;Magdalena;;Studentin;2001;Düsseldorf;2
2;29;Volt;23;Schindler;Tobias;;Chemiker;1991;Aachen;1
-;29;Volt;24;Scharpenberg;Jennifer;;Lehrerin;1991;Düsseldorf;2
126;29;Volt;25;Kammann;Jacob;;Ingenieur;1992;Siegen;1
-;29;Volt;26;Bork;Malena;;Studentin;2002;Bonn;2
-;29;Volt;27;Bogoczek;Jörg;;Dipl.-Ing. Versorgungstechnik (FH);1967;Aachen;1
-;29;Volt;28;Berg;Paula;;Duale Studentin;2001;Herten;2
101;29;Volt;29;Dick;Marcel;;Student;1998;Paderborn;1
-;16;ZENTRUM;1;Otte;Christian;;Wirtschaftsjurist;1971;Kaarst;1
-;16;ZENTRUM;2;Woitzik;Hans-Joachim;;Geschäftsführer;1957;Dormagen;1
-;16;ZENTRUM;3;Erkes;Andreas;;Spediteur;1963;Korschenbroich;1
47;16;ZENTRUM;4;Horhäuser;Dirk;;Versicherungskaufmann;1967;Kaarst;1
-;16;ZENTRUM;5;Schmidt;Walter;;Bachelor of Engineering;1955;Dormagen;1
-;16;ZENTRUM;6;Thönnißen;René;;Straßenwärter;1982;Kaarst;1
-;16;ZENTRUM;7;Paulat;Nicolas;;Student;1999;Neuss;1
-;16;ZENTRUM;8;Wagner;Julian Hendrik;;Student;1999;Neuss;1
45;16;ZENTRUM;9;Wagner;Merijan Oliver;;Großhandelskaufmann;1965;Neuss;1
51;16;ZENTRUM;10;Langen;Manfred;;Geschäftsführer;1943;Mönchengladbach;1
-;16;ZENTRUM;11;Werner;Monika;;Goldschmied;1947;Dormagen;2
1;8;Die PARTEI;-;Molitor;Tobias;;Student;1994;Aachen;1
1;18;dieBasis;-;Körbel;Ingo;;Dipl.-Kaufmann;1971;Würselen;1
1;31;LD;-;Vossiek;Paul;;Student;2001;Aachen;1
2;6;DIE LINKE;-;Gvozden;Igor;;Elektroingenieur;1992;Aachen;1
2;8;Die PARTEI;-;Zobel;Elke;Dr.;Softwareentwicklerin;1963;Aachen;2
2;18;dieBasis;-;Kamps;Edzard;;Informatiker;1967;Aachen;1
2;5;GRÜNE;-;Nießen;Henning;;Student;1994;Aachen;1
3;4;AfD;-;Upadek;Elisabeth;;Rentnerin;1958;Eschweiler;2
3;6;DIE LINKE;-;Müller;Florian;;Student;1998;Herzogenrath;1
3;8;Die PARTEI;-;Schmitz;Thomas;;Kinderpfleger;2001;Stolberg;1
3;18;dieBasis;-;Wölker;Olga;;Angestellte im öffentlichen Dienst;1985;Würselen;2
4;4;AfD;-;Winterich;Michael;;Selbstständig;1977;Eschweiler;1
4;6;DIE LINKE;-;Dunker;Darius;;Sachbearbeiter;1970;Aachen;1
4;8;Die PARTEI;-;Franke;Hubert;;Kabarettist;1953;Roetgen;1
4;18;dieBasis;-;Weigel;Lydia;;Kfm. Angestellte;1971;Stolberg;2
5;4;AfD;-;Pesch;Franz;;Selbstständiger Kaufmann;1961;Pulheim;1
5;18;dieBasis;-;Krämer;Anne;;Agraringenieurin;1970;Erftstadt;2
5;36;Einzelbewerber/-in 1;-;Balta;Ekrem;;Oberstudienrat;1987;Pulheim;1
5;5;GRÜNE;-;Özdemir;Ahmet;;Lehrbeauftragter;1975;Kerpen;1
5;28;Team Todenhöfer;-;Avdi;Ruzdija;;Vermessungsingenieur;1988;Bergheim;1
6;4;AfD;-;Gonska;Peter;;Stadtarbeiter;1977;Hürth;1
6;6;DIE LINKE;-;Singer;Peter;;grad. Verwaltungswirt;1955;Frechen;1
6;18;dieBasis;-;Knuth;Dagmar;;Unternehmensberaterin;1962;Hürth;2
6;9;FREIE WÄHLER;-;Ilhan;Judith;;Sozialversicherungsfachangestellte;1984;Kerpen;2
6;29;Volt;-;Jeschke;Friedrich;;Key Account Manager;1983;Köln;1
7;4;AfD;-;Raatz;Norbert;;Selbstständiger Kaufmann;1965;Hürth;1
7;6;DIE LINKE;-;Papel;Simon;;IT-Projektleiter;1980;Wesseling;1
7;18;dieBasis;-;Jungnischke;Robert;;Unternehmer;1965;Wesseling;1
7;9;FREIE WÄHLER;-;Held;David;;Datenschutzbeauftragter;1979;Kerpen;1
7;5;GRÜNE;-;Spicale;Simone;;Selbstständig;1968;Brühl;2
7;7;PIRATEN;-;Milios;Ioannis;;Selbstständig;1980;Kerpen;1
7;28;Team Todenhöfer;-;Bauer-Jazayeri;Thomas;;Immunologe;1974;Brühl;1
8;4;AfD;-;Poll;Frank;;Kaufmann;1973;Kall;1
8;6;DIE LINKE;-;Bell;Thomas;;Beamter;1966;Bad Münstereifel;1
8;29;Volt;-;Limberg;Marco;;Kaufmann;1974;Mechernich;1
9;4;AfD;-;Tabakman;Igor;;Industriekaufmann;1973;Heinsberg;1
9;6;DIE LINKE;-;Winkowski;Max;;Student;1998;Übach-Palenberg;1
9;8;Die PARTEI;-;Hülsen;Michael;Dr.;Dipl. Chemiker;1985;Waldfeucht;1
9;7;PIRATEN;-;Aretz;Elmar;;Rentner;1971;Übach-Palenberg;1
10;4;AfD;-;Spenrath;Jürgen;;Kfm. Angestellter;1956;Erkelenz;1
10;6;DIE LINKE;-;Staeck;Manuel;;Elektriker;1975;Hückelhoven;1
10;9;FREIE WÄHLER;-;Frings;Heinrich-Josef;;Rentner;1956;Übach-Palenberg;1
10;5;GRÜNE;-;Mank;Paul;;Sozialarbeiter;1989;Wassenberg;1
11;4;AfD;-;Essler;Bernd;;Unternehmensberater;1949;Düren;1
11;6;DIE LINKE;-;Mörsch;Mihaela;;Dipl.-Ingenieurin;1960;Aldenhoven;2
11;5;GRÜNE;-;Ollech;Oliver;;Dipl.-Informatiker;1966;Jülich;1
11;29;Volt;-;Sauerwein;Fynn Sören;;Doktorand;1997;Jülich;1
12;1;CDU;-;Nolten;Ralf;Dr.;Dr. Agronomiae, Mitglied des Landtages;1964;Kreuzau;1
12;6;DIE LINKE;-;Wallbaum;Kai;;Student;1964;Düren;1
12;18;dieBasis;-;Schmitz;Ralf;;Krankenpfleger;1966;Düren;1
12;35;UNABHÄNGIGE;-;Helmer;Peter;;Technischer Angestellter;1961;Düren;1
13;4;AfD;-;Leitterstorf;Luca;;Unternehmer;1996;Köln;1
13;8;Die PARTEI;-;Brommer;Alexander;;Selbstständig;1983;Köln;1
13;18;dieBasis;-;Weißenborn;Hans Christopher;;Bürokraft;1978;Köln;1
13;29;Volt;-;Fuchs;Olivier;;Hochschuldozent;1964;Köln;1
14;4;AfD;-;Ferdinand;Heribert;;Selbstständiger Unternehmer;1964;Köln;1
14;1;CDU;-;Petelkau;Bernd;;Mitglied des Landtages;1965;Köln;1
14;27;Tierschutzpartei;-;Eichler;Tanja;;Fotografin und Mediengestalterin;1969;Köln;2
14;29;Volt;-;Gerlach;Lisa Hanna;;Wirtschaftsberaterin;1965;Köln;2
15;4;AfD;-;Cremer;Christer;;Wissenschaftlicher Mitarbeiter;1982;Köln;1
15;6;DIE LINKE;-;Köhler Pinzón;Christian;;Studierender;2000;Köln;1
15;8;Die PARTEI;-;Pott;Stefan;;Koch;1972;Köln;1
15;18;dieBasis;-;Pawlik;Wolfgang;;Dipl.-Ingenieur;1968;Köln;1
15;9;FREIE WÄHLER;-;Degmayr;Ludwig;;Student;1999;Köln;1
15;34;ÖkoLinX;-;Capitain;Andrea;;Behindertenpädagogin;1962;Köln;2
15;29;Volt;-;Juchem;Philipp;;Einzelunternehmer (Fachschulungen, Vermittlung);1992;Köln;1
16;6;DIE LINKE;-;Schwerd;Daniel;;Selbstständig;1966;Köln;1
16;8;Die PARTEI;-;Krüger;Janine Anika;;Erzieherin;1985;Köln;2
16;18;dieBasis;-;Wördenweber;Georg;;Maschinenbauingenieur, Lehrer, Jobcoach;1964;Köln;1
16;28;Team Todenhöfer;-;Boemer-Boutiti;Nadia;;Manager Tax;1982;Köln;2
17;4;AfD;-;Türe;Ahmet;;Selbstständig;1966;Köln;1
17;6;DIE LINKE;-;Eisfeld;Madeleine;;Staatlich geprüfte Sozialsekretärin;1965;Köln;2
17;8;Die PARTEI;-;Baron von Kruedener;Aaron;;Fraktionsgeschäftsführer;1997;Köln;1
17;5;GRÜNE;-;Schuth;Marvin;;Dualer Student Klinische Pflege;1988;Köln;1
18;4;AfD;-;Boyens;Stephan;;Unternehmensentwickler;1962;Köln;1
18;36;Einzelbewerber/-in 1;-;Przybylski;Martin Josef;;Tellerwäscher;1985;Köln;1
18;13;MLPD;-;Höchtl;Elisabeth;;Lehrerin;1957;Köln;2
18;29;Volt;-;Wolff;Bettina;;Geschäftsführerin;1992;Köln;2
19;6;DIE LINKE;-;Gümüs;Attila;;Tontechniker;1977;Köln;1
19;8;Die PARTEI;-;Altefrohne;Andreas Bernd Maria;;Industriekaufmann;1984;Köln;1
19;18;dieBasis;-;Becker;Volkmar;;Dipl.-Kaufmann;1957;Köln;1
19;36;Einzelbewerber/-in 1;-;Siegert;Beowulf;;Informatiker;1985;Köln;1
19;13;MLPD;-;Weigand;Andrea;;Krankenschwester;1963;Köln;2
20;8;Die PARTEI;-;Petzold;Frauke;;Serviceassistentin;1987;Leverkusen;2
20;36;Einzelbewerber/-in 1;-;Rees;Benedikt;;Beamter;1969;Leverkusen;1
20;13;MLPD;-;Rohde;Elvira;;Chemielaborantin;1960;Leverkusen;2
21;4;AfD;-;Feller;Jörg;;Diplomvolkswirt;1960;Rösrath;1
21;6;DIE LINKE;-;Santillán;Tomás M.;;Selbstständig;1964;Bergisch Gladbach;1
22;6;DIE LINKE;-;Galow;Mike;;Bürokaufmann;1976;Wermelskirchen;1
22;29;Volt;-;Pugnaghi;Simon;;Softwareentwickler;1994;Langenfeld;1
23;6;DIE LINKE;-;Wegner;Marko;;Kaufmann;1967;Wiehl;1
23;18;dieBasis;-;Wittfeld;Peter;;Rentner;1955;Wipperfürth;1
23;5;GRÜNE;-;Söhnchen;Uwe;;Krankenpfleger;1958;Engelskirchen;1
24;4;AfD;-;Valentin;Susanne;;Sozialversicherungsangestellte i.R.;1951;Gummersbach;2
25;4;AfD;-;von den Bergen;Ralf;;Selbständiger Projektingenieur;1962;Troisdorf;1
25;1;CDU;-;Franken;Björn;;Leitender Angestellter (Prokurist), Mitglied des Landtags;1979;Ruppichteroth;1
25;6;DIE LINKE;-;Serwaty;Judith;;Sozial-Pädagogin;1983;Ruppichteroth;2
25;8;Die PARTEI;-;Klingenstein;Marcel;;Eisenbahner im Betriebsdienst;1992;Neunkirchen-Seelscheid;1
25;18;dieBasis;-;Bornhövd;Marion;;Lehrerin;1955;Hennef;2
25;5;GRÜNE;-;Zacharias;Holger;;Glaser;1969;Ruppichteroth;1
25;32;MENSCHLICHE WELT;-;Reschke;Achim;;Staatlich geprüfter Musikschullehrer;1964;Neunkirchen-Seelscheid;1
25;29;Volt;-;Rinck;Josephine;;Servicekraft;1991;Bonn;2
26;4;AfD;-;Overath;Anno;;Selbständiger Kaufmann;1973;Troisdorf;1
26;6;DIE LINKE;-;Reichardt;Bastian;;Autor;1985;Königswinter;1
26;8;Die PARTEI;-;Kohlmorgen;Jan-Hendrik;;Versicherungsfachmann;1982;Königswinter;1
26;18;dieBasis;-;Hörster;Heinz-Jürgen;;Lerntherapeut;1949;Bad Honnef;1
27;4;AfD;-;Heintze;Armin;;Rentner;1966;Rheinbach;1
27;1;CDU;-;Krauß;Oliver;;Rechtsanwalt, Mitglied des Landtags;1969;Alfter;1
27;6;DIE LINKE;-;Lafazanis;Iris;;Gebäudereinigerin;1964;Weilerswist;2
27;5;GRÜNE;-;Kuhn;Arnd;Dr.;Wissenschaftler;1957;Bornheim;1
28;4;AfD;-;Moses;Gert;;Angestellter;1970;Windeck;1
28;6;DIE LINKE;-;Shaikh;Kashif;;Verwaltungsfachangestellter;1974;Troisdorf;1
28;8;Die PARTEI;-;Heinemann;Katharina;;Schülerin;2003;Eitorf;2
28;18;dieBasis;-;Kruse;Stefan;;Polizeivollzugsbeamter;1967;Königswinter;1
28;5;GRÜNE;-;Huwer;Thomas;;Filialleiter im Einzelhandel;1983;Troisdorf;1
28;29;Volt;-;Reuter;Thomas;;Angestellter;1971;Troisdorf;1
29;4;AfD;-;Mylonas;Marios;;Rechtsanwalt;1962;Hennef;1
29;6;DIE LINKE;-;Döhring;Martina;;Dipl.-Biologin;1962;Siegburg;2
29;8;Die PARTEI;-;Langel;Andreas;;IT-Berater;1983;Eitorf;1
29;18;dieBasis;-;Schuck;Elmar;;Angestellter;1975;Siegburg;1
30;4;AfD;-;Neuhoff;Hans;Prof. Dr.;Professor an einer Kunsthochschule;1959;Düsseldorf;1
30;6;DIE LINKE;-;Raußendorf;Hanno;von;Jurist;1962;Bonn;1
30;8;Die PARTEI;-;Franz;Fenja;;Sozialpädagogin;1976;Bonn;2
30;18;dieBasis;-;Poltrock-Herder;Arno;;Dipl.-Ingenieur;1959;Bonn;1
30;13;MLPD;-;Stamm;Roger;Dr.;Rentner;1953;Siegburg;1
31;4;AfD;-;Ulbrich;Sascha;;Angestellter;1972;Düsseldorf;1
31;1;CDU;-;Katzidis;Christos;Dr.;Polizeioberrat a.D., Mitglied des Landtages;1969;Bonn;1
31;24;Die Humanisten;-;Wirths;Jan;;Student;2003;Bonn;1
31;6;DIE LINKE;-;Schenkel;Julia;;Angestellte;1992;Bonn;2
31;8;Die PARTEI;-;Meyer;Dominique;;Kfm. Groß-/Außenhandel;1981;Bonn;1
32;6;DIE LINKE;-;Köse;Emel;;Doktorantin;1990;Wuppertal;2
32;5;GRÜNE;-;Zawierucha;Andreas;;Werkstattlehrer;1963;Wuppertal;1
32;29;Volt;-;Brüne;Dominic;;Industriemeister Chemie;1979;Wuppertal;1
33;4;AfD;-;Liedtke-Bentlage;Martin;;Angestellter;1962;Wuppertal;1
33;6;DIE LINKE;-;Merkel;Kai;;Politologe;1984;Wuppertal;1
33;8;Die PARTEI;-;Entian;Kai;;Student;1996;Wuppertal;1
33;18;dieBasis;-;Hammann;Sabine;;Gas- Wasserinstallateur Meisterin;1968;Wuppertal;2
33;3;FDP;-;Trachte;Alexandra;;Bürokauffrau;1979;Wuppertal;2
33;5;GRÜNE;-;Schulz;Marc;;Angestellter;1978;Wuppertal;1
33;13;MLPD;-;Böhmler;Helmut;;Rentner;1952;Wuppertal;1
33;29;Volt;-;Wecker;Jannis;;Student;1992;Wuppertal;1
34;4;AfD;-;Feist;Otto;;Rentner;1954;Wuppertal;1
34;3;FDP;-;Bremes;Jessica;;Verwaltungswirtin;2000;Solingen;2
35;4;AfD;-;Kühne;Frederick;;Staatlich geprüfter. Bautechniker, Maurer;1972;Solingen;1
35;18;dieBasis;-;Dörner;Volker;;Industriekaufmann;1965;Solingen;1
35;5;GRÜNE;-;Vaeckenstedt;Silvia Ingrid;;Angestellte;1970;Solingen;2
35;13;MLPD;-;Gärtner;Hans Christoph;;Dipl.-Pädagoge;1949;Solingen;1
35;29;Volt;-;Wendel;Joachim;;Maschinenbauingenieur;1958;Solingen;1
36;4;AfD;-;Marre;Nicolai;;IT-Systemelektroniker;1994;Wipperfürth;1
37;4;AfD;-;Heinz;Patrick;;Student;1994;Langenfeld;1
37;6;DIE LINKE;-;Sencan;Mehmet;;Kaufmann;1964;Langenfeld;1
37;29;Volt;-;Montkowski;Markus;;Software Entwickler;1969;Langenfeld;1
38;4;AfD;-;Nixdorf;Andreas;;Busfahrer;1969;Mettmann;1
38;6;DIE LINKE;-;Meisen;Natalie;;Referendarin;1992;Düsseldorf;2
38;36;Einzelbewerber/-in 1;-;Klimczak;Thorsten;;Gastronom im Familienbetrieb;1972;Hilden;1
39;4;AfD;-;Ulrich;Bernd;;Rentner;1950;Ratingen;1
39;8;Die PARTEI;-;Burg;Sarah;;Fraktionsgeschäftsführerin;1994;Heiligenhaus;2
39;5;GRÜNE;-;Meier;Ute;;Online-Redakteurin;1969;Ratingen;2
40;4;AfD;-;Ehrentraut;Josef;;Rentner;1957;Velbert;1
40;30;Bündnis C;-;Stubbe;Marcel;;Industriekaufmann;1991;Velbert;1
40;36;Einzelbewerber/-in 1;-;Dotten;Horst;;Metallarbeiter;1957;Essen;1
40;5;GRÜNE;-;Kanschat;Esther;Dr.;Chemikerin;1966;Velbert;2
40;7;PIRATEN;-;Schwarz;Martin;;Elektrotechnikermeister;1970;Velbert;1
41;4;AfD;-;Vogt;Marco Paul;;Angestellter;1977;Düsseldorf;1
41;6;DIE LINKE;-;Nowitzki;Marcel Dieter;;Betreuungspädagoge;1983;Düsseldorf;1
41;8;Die PARTEI;-;Knappmeyer;Nina;;Entstördisponentin;1985;Düsseldorf;2
41;13;MLPD;-;Straif;Paul;;Industrieelektroniker;1982;Düsseldorf;1
42;4;AfD;-;Schmitz;Maximilian;;Student;1996;Düsseldorf;1
42;8;Die PARTEI;-;Radloff;Aline;;Sozialarbeiterin;1986;Wuppertal;2
42;18;dieBasis;-;Dax;Volker;;Studienrat;1977;Düsseldorf;1
43;4;AfD;-;Jörres;Wolf-Rüdiger;;Angestellter;1967;Düsseldorf;1
43;8;Die PARTEI;-;Traeger;Isabelle;;Informatik-Studentin;1993;Düsseldorf;2
43;13;MLPD;-;Eberhard-Forschner;Dagmar;;Lungenfachärztin;1953;Düsseldorf;2
44;4;AfD;-;Salinger;Elmar;;Angestellter;1975;Düsseldorf;1
44;6;DIE LINKE;-;Marmulla;Julia Susanne;;selbständige Tourismusberaterin;1988;Düsseldorf;2
44;18;dieBasis;-;Schneider;Winfried;;Dipl.-Volkswirt;1959;Düsseldorf;1
44;29;Volt;-;Curtius;Christine;;Controllerin;1985;Düsseldorf;2
45;4;AfD;-;Rausch;Christof;;Versicherungsmakler;1965;Kaarst;1
45;6;DIE LINKE;-;vom Dorff;Falk;;Student;1987;Neuss;1
45;8;Die PARTEI;-;Strauß;Philip;;Auszubildender;1998;Neuss;1
45;18;dieBasis;-;Marzinowski;Stefan;;Heilpraktiker;1971;Neuss;1
45;5;GRÜNE;-;Benary;Susanne Elisabeth;;Dipl.-Sozialarbeiterin;1964;Neuss;2
46;4;AfD;-;Hrdy;Stefan;;Vorstandsfahrer;1956;Rommerskirchen;1
46;6;DIE LINKE;-;Rogel-Obermann;Walter;;Rentner;1953;Grevenbroich;1
46;8;Die PARTEI;-;Schnabel;Michael;;Fachkrankenpfleger;1969;Grevenbroich;1
46;18;dieBasis;-;Eickermann;Udo;;Energieelektroniker;1971;Dormagen;1
46;29;Volt;-;Hellmann;Simon Hagen;;IT-Berater für Digitalisierung;1996;Neuss;1
46;16;ZENTRUM;-;Temp;Olaf;;Bürokaufmann;1961;Dormagen;1
47;6;DIE LINKE;-;Zimmermann;Monika;;Rentnerin;1950;Kaarst;2
47;18;dieBasis;-;Holloway;Britta;;Heilpraktikerin;1968;Kaarst;2
47;9;FREIE WÄHLER;-;Müller;Wolfgang;;Steuerberater;1946;Meerbusch;1
47;29;Volt;-;Löffler-Das;Yvonne;;Managerin für Zoll und Exportkontrolle;1977;Kaarst;2
48;6;DIE LINKE;-;Bayram;Teyfik;;Berufskraftfahrer;1969;Krefeld;1
48;8;Die PARTEI;-;Schmid;Andreas;;Tischler;1975;Krefeld;1
48;17;DKP;-;Lommes;Peter;;Kaufmann;1956;Willich;1
48;13;MLPD;-;Grupp;Heiko;;Schlosser (in Rente);1949;Krefeld;1
49;4;AfD;-;Mayer-Steudte;Thomas;;Wissenschaftlicher Referent;1957;Krefeld;1
49;6;DIE LINKE;-;Hagemes;Stephan;;Sozialarbeiter;1975;Krefeld;1
49;8;Die PARTEI;-;Leurs;Elena;;Mediengestalterin;1986;Tönisvorst;2
49;17;DKP;-;Javaid;Sajjad;;Arbeiter;1995;Krefeld;1
49;9;FREIE WÄHLER;-;Schmitz;Hans-Günther;;Pharmareferent;1961;Krefeld;1
49;5;GRÜNE;-;Zander;Benjamin;;Selbständiger IT Berater;1973;Krefeld;1
50;6;DIE LINKE;-;Merkens;Sebastian;;Erzieher;1980;Mönchengladbach;1
50;17;DKP;-;Wessels;Hartmut;;Rentner;1952;Mönchengladbach;1
51;6;DIE LINKE;-;Schultz;Torben;;Systemadministrator;1971;Mönchengladbach;1
51;8;Die PARTEI;-;Zabci;Ulas Sazi;;Sozialarbeiter;1986;Mönchengladbach;1
51;18;dieBasis;-;Immel;Michael;;Dipl.-Kaufmann;1960;Mönchengladbach;1
51;5;GRÜNE;-;Wirtz;Martin;;Heilerziehungspfleger;1983;Mönchengladbach;1
52;4;AfD;-;Fiebig;Elvira;;Kommissioniererin;1959;Viersen;2
52;6;DIE LINKE;-;Röder;Andreas;;Verwaltungsfachangestellter;1978;Viersen;1
52;8;Die PARTEI;-;Pfeiffer;Kai;;Verwaltungsangestellter;1975;Viersen;1
52;18;dieBasis;-;Zerner-Brodersen;Heike;;Industriekauffrau;1969;Schwalmtal;2
52;9;FREIE WÄHLER;-;Link;Christian;;Versicherungsfachwirt;1983;Tönisvorst;1
52;29;Volt;-;Peerebooms;Erwin;;Brandmeister;1991;Willich;1
53;4;AfD;-;Müller;Peter;;Kaufmann;1961;Kempen;1
53;6;DIE LINKE;-;van Helden;Jana;;Studentin;1997;Viersen;2
53;9;FREIE WÄHLER;-;Frick;Jörg;;Bankkaufmann;1974;Tönisvorst;1
53;5;GRÜNE;-;Britsch;Manuel;;Referent für digitale Prozesse;1985;Nettetal;1
53;29;Volt;-;Sapienza;Lucas Salvatore;;Student;1992;Kempen;1
54;4;AfD;-;Elbers;Sven;;Anwendungsentwickler;1979;Geldern;1
54;6;DIE LINKE;-;Hayduk;Norbert;;Supervisor;1958;Geldern;1
54;18;dieBasis;-;Reiß;Andreas;;Dipl.-Ing.;1968;Rheurdt;1
54;3;FDP;-;van Stephoudt;Lucas;;Wirtschaftsförderer;1994;Geldern;1
55;6;DIE LINKE;-;Hesseling;Sabine;;Kfm. Angestellte;1970;Emmerich am Rhein;2
56;4;AfD;-;Kempkes;Wolfgang;;Betriebswirt;1966;Oberhausen;1
56;6;DIE LINKE;-;Koch;Lühr;;Rentner;1950;Oberhausen;1
56;5;GRÜNE;-;Axt;Norbert;;Lehrer;1958;Oberhausen;1
57;4;AfD;-;Wilhelm;Olaf;;Lehrer;1971;Dinslaken;1
57;3;FDP;-;Piechatzek;Bettina;;Datenschutzbeauftragte;1978;Dinslaken;2
57;29;Volt;-;Rompaey;Ann-Katrin;van;Jurastudentin;1990;Oberhausen;2
58;4;AfD;-;van Meegeren;Daniela;;Angestellte;1980;Rheinberg;2
58;8;Die PARTEI;-;Cengiz;Renan;;Freier Künstler u. Publizist;1986;Rheinberg;1
58;18;dieBasis;-;Reiff;Michael;;Dipl. Ingenieur;1964;Moers;1
58;5;GRÜNE;-;Awater;Niels;;Student;2000;Rheinberg;1
59;4;AfD;-;Raumann;Holger;;Selbst. Versicherungskaufmann;1969;Moers;1
59;6;DIE LINKE;-;Schulz;Hilmar;;Veranstaltungskaufmann;1983;Wesel;1
59;8;Die PARTEI;-;Schoierer;Marcel;;Verwaltungsbeamter;1983;Wesel;1
59;3;FDP;-;Kleinsteinberg;Nadine;;Steuerberaterin;1990;Schermbeck;2
59;5;GRÜNE;-;Langenbrink;Elke Christiane;;Angestellte;1965;Schermbeck;2
59;28;Team Todenhöfer;-;Verkennis;Jürgen;;Fernmeldehandwerker;1959;Wesel;1
60;4;AfD;-;Rieger;Renatus;Dr.;Dipl.-Kaufmann;1958;Moers;1
60;6;DIE LINKE;-;Özer;Hasan;;Chemikant;1984;Moers;1
60;8;Die PARTEI;-;Zaitz;Manuela;;Hundetrainerin;1971;Moers;2
60;18;dieBasis;-;Feldhaus;Gisela;;Projektkoordinatorin;1965;Moers;2
61;4;AfD;-;Dennisen;Nicola;;Examinierte Gesundheits- und Krankenpflegerin;1994;Duisburg;2
61;8;Die PARTEI;-;Bieker;Katja;;Übersetzerin für Leichte Sprachen;1980;Duisburg;2
61;36;Einzelbewerber/-in 1;-;Bonitz;Roman;;Lehrer;1981;Duisburg;1
61;29;Volt;-;Söntgerath;Britta;;Betriebswirtin VWA, Datenschutz-Auditorin;1962;Duisburg;2
62;6;DIE LINKE;-;Klee;Helen;;Studentin;1995;Duisburg;2
62;8;Die PARTEI;-;Kannewischer;Martin;;Verwaltungswirt;1997;Duisburg;1
62;36;Einzelbewerber/-in 1;-;Kocak;Eren;;Offizier;1991;Duisburg;1
62;13;MLPD;-;Bittel;Günther;;Arzt;1953;Duisburg;1
63;4;AfD;-;Dehnen;Sabine;;Angestellte;1980;Duisburg;2
63;8;Die PARTEI;-;Posny;Anton;;Tontechniker;2002;Duisburg;1
64;4;AfD;-;Lessau;Wolfgang Siegfried;Dr.;Facharzt für Radiologie;1939;Mülheim an der Ruhr;1
64;6;DIE LINKE;-;Scheffler;Marc;;Auszubildender;1996;Mülheim an der Ruhr;1
64;8;Die PARTEI;-;Preker-Frank;Andreas Kay;;Webdesigner;1959;Mülheim an der Ruhr;1
64;18;dieBasis;-;Weber;Nicole;;Masseurin, Podologin;1972;Mülheim an der Ruhr;2
64;36;Einzelbewerber/-in 1;-;Palta;Tuncay;;Akademie Direktor;1972;Mülheim an der Ruhr;1
64;37;Einzelbewerber/-in 2;-;Dregenus;Dirk Herbert Theodor;;Soldat;1984;Mülheim an der Ruhr;1
64;5;GRÜNE;-;Rose;Kathrin Rosa;;Persönliche Referentin Mitglied des Landtages;1980;Mülheim an der Ruhr;2
64;13;MLPD;-;Stockert;Hannes;;Energieelektroniker;1972;Mülheim an der Ruhr;1
65;4;AfD;-;Reil;Guido;;Steiger;1970;Essen;1
65;6;DIE LINKE;-;Giesecke;Gabriele;;Rentnerin;1954;Essen;2
65;8;Die PARTEI;-;Hülshorst;Nele;;Studentin;1993;Essen;2
65;18;dieBasis;-;Solga;Frank;;Aufmaßtechniker;1969;Essen;1
65;5;GRÜNE;-;Spitzer-Pachel;Markus;;Kfm. Angestellter;1971;Essen;1
65;13;MLPD;-;Urbat;Miriam;;Elektrikerin;1958;Essen;2
65;29;Volt;-;Snegur;Roman;;Pflegehelfer;2001;Essen;1
66;4;AfD;-;Schmitz;Jens;;Feuerwehrbeamter;1967;Essen;1
66;6;DIE LINKE;-;Suthor;Hendrik;;Wissenschaftlicher Mitarbeiter;1997;Essen;1
66;18;dieBasis;-;Hähnel;Klaus-Dieter;;Techn. Angestellter;1963;Essen;1
66;17;DKP;-;Grüger;Daniel;;Medienkaufmann;1983;Essen;1
66;29;Volt;-;Giesler;Margarethe;;Verlagsmitarbeiterin;1981;Essen;2
67;4;AfD;-;Brecklinghaus;Stefanie;;Dipl.-Kauffrau;1961;Essen;2
67;8;Die PARTEI;-;Konrad;Stephan;;Logistiker;1994;Essen;1
67;18;dieBasis;-;Kocher;Tim;;Selbstständig;1981;Essen;1
67;29;Volt;-;Schneider;Christian;;Dipl.-Ingenieur;1965;Essen;1
68;4;AfD;-;Graf;Gabriele;;Anwalt- und Notarfachkraft;1957;Essen;2
68;8;Die PARTEI;-;Bamler;Thomas;;Staatlich geprüfter Erzieher;1973;Essen;1
68;18;dieBasis;-;Wickern;Christiane;van;Dipl.-Betriebswirtin (FH);1960;Essen;2
68;29;Volt;-;Frank;Claudia;;Dipl.-Sozialpädagogin;1971;Essen;2
69;4;AfD;-;Schützek;Marcus;;Angestellter;1973;Gladbeck;1
69;6;DIE LINKE;-;Kohn;Rolf;;Rentner;1956;Recklinghausen;1
69;8;Die PARTEI;-;Schroer;Sebastian;;IT-Dozent;1983;Oer-Erkenschwick;1
69;36;Einzelbewerber/-in 1;-;Rüding;Uwe;;Journalist;1965;Recklinghausen;1
69;9;FREIE WÄHLER;-;Grün;Andreas;;Reiseverkehrskaufmann;1966;Recklinghausen;1
69;13;MLPD;-;Dumberger;Klaus;;Elektroniker;1964;Recklinghausen;1
69;29;Volt;-;Hartenberger;Raffaela;;Studentin;1991;Recklinghausen;2
70;4;AfD;-;Fuldner-Kirchner;Andrea;;Angestellte;1963;Marl;2
70;6;DIE LINKE;-;Kuster;Hauke;;Gewerkschaftssekretär;1984;Marl;1
70;8;Die PARTEI;-;Klementz;Angelina;;Schülerin;2001;Marl;2
70;36;Einzelbewerber/-in 1;-;Toplak;Fred;;Handwerksmeister;1959;Herten;1
70;9;FREIE WÄHLER;-;Sternhofer;Thomas;;Rentner;1959;Herten;1
70;5;GRÜNE;-;Hilbrand;Florian-Massimo;;Soldat;1990;Marl;1
71;8;Die PARTEI;-;Seth;Manuel;;Altenpfleger;1983;Dorsten;1
72;4;AfD;-;Hofstätter;Hans-Jürgen;;Rentner;1953;Haltern am See;1
72;36;Einzelbewerber/-in 1;-;Walter;Dennis;;Kaufmann im Einzelhandel;1992;Datteln;1
72;5;GRÜNE;-;Großer;Maximilian;;Student;1993;Datteln;1
73;4;AfD;-;Rikowski;Friedhelm;;Verwaltungsbeamter a. D.;1956;Gelsenkirchen;1
73;6;DIE LINKE;-;Euler;Philipp;;Sachverständiger für Brandschutz;1983;Gladbeck;1
73;17;DKP;-;Zill;Valentin;;Journalist;1986;Gelsenkirchen;1
73;5;GRÜNE;-;Witzel;Niklas;;Erzieher in Ausbildung;1997;Gelsenkirchen;1
74;6;DIE LINKE;-;Selter;Jonas;;Student;1994;Gelsenkirchen;1
74;9;FREIE WÄHLER;-;Perlik;Frank;;Kfm. Angestellter;1965;Gelsenkirchen;1
74;29;Volt;-;Bastek;Kai;;Regierungsbeschäftigter;1978;Gelsenkirchen;1
75;4;AfD;-;Bauer;Detlef;;Kraftfahrer;1960;Bottrop;1
75;6;DIE LINKE;-;Blocks;Günter;;Verwaltungsangestellter;1958;Oberhausen;1
75;18;dieBasis;-;Hidde;Holger;;Schlosser;1963;Bottrop;1
75;5;GRÜNE;-;Gutsche;Joachim;;Musiker;1964;Bottrop;1
75;13;MLPD;-;Kersken;Bärbel;;Medienherstellerin;1964;Bottrop;2
76;8;Die PARTEI;-;Finke;Tobias;;Kfm. Angestellter;1997;Rhede;1
76;5;GRÜNE;-;Rülfing;Heinrich Josef;;Landwirt;1966;Rhede;1
77;1;CDU;-;Wermer;Heike;;Mitglied des Landtags;1988;Heek;2
77;3;FDP;-;Kernebeck;Sergej;;Finanzbeamter;1990;Gronau;1
77;5;GRÜNE;-;Steiner;Jens;;Kommunikationsberater;1975;Heek;1
78;4;AfD;-;Mack;Patrick;;Student;1986;Gronau;1
78;1;CDU;-;Korth;Wilhelm;;Mitglied des Landtags;1967;Coesfeld;1
78;6;DIE LINKE;-;Butteweg;Jonathan;;Mitarbeiter im Baumarkt;2003;Raesfeld;1
79;4;AfD;-;Hageneier;Ralf;;Busfahrer;1961;Havixbeck;1
79;1;CDU;-;Panske;Dietmar;;Mitglied des Landtags;1967;Ascheberg;1
79;6;DIE LINKE;-;Stegemann;Klaus;;Arbeiter;1960;Dülmen;1
80;4;AfD;-;Pröbsting;Michael;;Rentner;1951;Greven;1
80;1;CDU;-;Schulze Föcking;Christina;;Staatlich geprüfte Landwirtin, Mitglied des Landtags NRW;1976;Steinfurt;2
80;18;dieBasis;-;Lammers;Johan Gustav;;Student;2001;Altenberge;1
81;4;AfD;-;Elixmann;Florian;;Wissenschaftlicher Mitarbeiter/ Referent;1987;Rheine;1
81;1;CDU;-;Stullich;Andrea;;Journalistin, Mitglied des Landtags NRW;1965;Rheine;2
81;6;DIE LINKE;-;Freund;Marvin;;Anlagenmechaniker für Sanitär-, Heizungs- und Klimatechnik;1990;Recke;1
81;18;dieBasis;-;Naß;Jörg;;Selbstständig;1963;Rheine;1
82;4;AfD;-;Woltering;Mike;;Soldat;1977;Neuenkirchen;1
82;18;dieBasis;-;Lienkamp;Marita;;Fremdsprachenkorrespondentin;1963;Ibbenbüren;2
83;4;AfD;-;Birke;Helmut Gerhard;;Dipl. Informatiker (TU);1954;Münster;1
83;6;DIE LINKE;-;Geuking;Katharina;;Rechtliche Betreuerin;1987;Münster;2
83;8;Die PARTEI;-;Wißmann;Ernst;;Schüler;2002;Münster;1
83;29;Volt;-;Neumann;Lara;;Studentin;1990;Münster;2
84;4;AfD;-;Mol;Richard Frederek;;Privatier;1968;Münster;1
84;8;Die PARTEI;-;Pelster;Heidi;;Rentnerin;1974;Münster;2
84;33;MSP;-;Schmidt;Victor;;Student;2001;Münster;1
85;4;AfD;-;Pöhling;Ralf;;Sicherheitskraft;1971;Münster;1
85;6;DIE LINKE;-;Strack;Joshua Samuel;;Student;1998;Remscheid;1
85;8;Die PARTEI;-;Hill;Ulrich;;Student;1983;Münster;1
85;29;Volt;-;Stölting;Torsten;Dr.;Medical Scientific Liaison Manager;1978;Münster;1
86;4;AfD;-;Kuttig;Joachim;;Dreher;1966;Ennigerloh;1
86;1;CDU;-;Hagemeier;Daniel;;Betriebswirt im Gesundheitswesen;1970;Oelde;1
86;6;DIE LINKE;-;Siewert;Mark;;Schüler;2004;Warendorf;1
87;6;DIE LINKE;-;Schulte;Karl Stephan;;Buchhalter;1963;Ahlen;1
88;4;AfD;-;Groh;Matthias;;Kaufmann;1965;Bad Oeynhausen;1
88;30;Bündnis C;-;Janzen;Dietrich;;Dolmetscher/Übersetzer;1958;Espelkamp;1
89;18;dieBasis;-;Birtsch;Werner;;Versicherungsmakler;1961;Bad Oeynhausen;1
89;5;GRÜNE;-;Sasse;Jana;;Kauffrau für Büromanagement;1994;Porta Westfalica;2
90;4;AfD;-;Sprenger;Roland;;Pensionär;1949;Herford;1
90;6;DIE LINKE;-;Sturm;Alexander;;Student;1989;Bielefeld;1
90;8;Die PARTEI;-;Drewitz;Julia;;Sozialarbeiterin;1994;Herford;2
90;18;dieBasis;-;Sarneckis;Selina;;Studentin;1997;Enger;2
90;3;FDP;-;Joswig;Céline;;Studentin;1997;Enger;2
91;6;DIE LINKE;-;Günay;Seyhmus;;Gas- und Wasserinstallateur;1977;Löhne;1
91;8;Die PARTEI;-;Amling;Pierre;;Küchenmeister;1990;Kirchlengern;1
91;18;dieBasis;-;Amidzic;Radisa;;Erzieher;1978;Löhne;1
92;4;AfD;-;Sander;Florian;Dr.;Fraktionsreferent;1984;Bielefeld;1
92;6;DIE LINKE;-;Ocak;Onur;Dr.;Volljurist;1987;Bielefeld;1
92;13;MLPD;-;Schultka;Reinhard;;Drucker;1959;Bielefeld;1
93;4;AfD;-;Kneller;Maximilian;;Angestellter;1993;Bielefeld;1
93;6;DIE LINKE;-;Straetmanns;Florian;;Lehrer;1958;Bielefeld;1
93;18;dieBasis;-;König;Jochen;;Dozent;1950;Bielefeld;1
93;5;GRÜNE;-;Kartal;Cim;;Projektmanager;1977;Bielefeld;1
93;29;Volt;-;Pusch;Matthias;;Handelsfachwirt;1986;Bielefeld;1
94;4;AfD;-;Gröppel;Maic;;Trockenbauer;1962;Bielefeld;1
94;6;DIE LINKE;-;Taeubig;Meike;;Sachbearbeiterin;1989;Bielefeld;2
94;8;Die PARTEI;-;Hanneforth;Ann-Katrin;;Pharmazeutisch-technische Assistentin;1990;Steinhagen;2
94;18;dieBasis;-;Schellenberg;Torben;;Lehrer;1990;Bielefeld;1
94;3;FDP;-;Schneidereit;Martina;;Hotel- und Touristikfachfrau;1966;Bielefeld;2
95;6;DIE LINKE;-;Dowhan;Franz;;Rentner;1953;Gütersloh;1
95;18;dieBasis;-;van Laak;Karen;;Kfm. Angestellte;1964;Borgholzhausen;2
95;29;Volt;-;Fredebeul;Jan Philipp;;Wirtschaftswissenschaftler;1997;Rheda-Wiedenbrück;1
96;4;AfD;-;Brinkrolf;Johannes;;Wirtschaftsinformatiker;1964;Rheda-Wiedenbrück;1
96;1;CDU;-;Kuper;André;;Landtagspräsident, Mitglied des Landtages;1960;Rietberg;1
96;6;DIE LINKE;-;Schwermann;Marcus;;Jurist;1975;Rheda-Wiedenbrück;1
96;18;dieBasis;-;Pfläging;Katja;;Web-Developer;1970;Rheda-Wiedenbrück;2
96;36;Einzelbewerber/-in 1;-;Martinschledde;Werner;;Holzbildhauermeister, Landwirt, Händler, Angestellter im öffentlichen Dienst;1967;Rietberg;1
96;5;GRÜNE;-;Mester;Bernd;;Fachkrankenpfleger für Anästhesie und Intensivmedizin;1968;Rheda-Wiedenbrück;1
96;29;Volt;-;Ketteler;Heinz;;Rentner;1941;Harsewinkel;1
97;4;AfD;-;Reinknecht;Sabine;;Selbstständige Friseurmeisterin;1959;Bad Salzuflen;2
97;6;DIE LINKE;-;Senz-Ndiaye;Dorothea;;Rentnerin;1951;Bad Salzuflen;2
97;8;Die PARTEI;-;Möller;Dennis;;Beamter;1984;Lage;1
97;18;dieBasis;-;Zens;Joachim;;Technischer Kaufmann;1959;Bad Salzuflen;1
98;6;DIE LINKE;-;Kinder;Nikolai;;Erzieher;1993;Vlotho;1
98;18;dieBasis;-;Fröhlingsdorf;Sandra;;Technische Redakteurin;1971;Lügde;2
99;4;AfD;-;Hübner;Viktor;;Fachwirt für Finanzberatung;1977;Detmold;1
99;1;CDU;-;Zertik;Heinrich;;Schlosser;1957;Schieder-Schwalenberg;1
99;6;DIE LINKE;-;Brinkmann;Walter;;Rentner;1955;Detmold;1
99;8;Die PARTEI;-;Thiel;Annalena;;Studentin;2000;Schlangen;2
99;18;dieBasis;-;Haberkorn;Enrico;;Technischer Redakteur;1975;Detmold;1
99;5;GRÜNE;-;Broeker;Timo;;Ingenieur;1976;Blomberg;1
100;4;AfD;-;Hermneuwöhner;Julian;;IT-Berater;1990;Büren;1
100;1;CDU;-;Hoppe-Biermeyer;Bernhard;;Selbstständiger Unternehmer;1961;Delbrück;1
100;6;DIE LINKE;-;Yesil;Mehmet Ali;;Student;1994;Bad Lippspringe;1
100;18;dieBasis;-;Hahn;Dieter Bernhard;;Industriekaufmann;1964;Büren;1
101;4;AfD;-;Weber;Marvin;;Student;1992;Paderborn;1
101;1;CDU;-;Sieveke;Daniel;;Sparkassenbetriebswirt, Mitglied des Landtages;1976;Paderborn;1
101;6;DIE LINKE;-;Drewer;Holger;;Student;1993;Paderborn;1
101;18;dieBasis;-;Hoffmann;Hans-Josef;;Rentner;1953;Delbrück;1
102;4;AfD;-;Lange;Klaus;;Kraftfahrer;1961;Bad Driburg;1
102;1;CDU;-;Goeken;Matthias;;Mitglied des Landtages;1964;Bad Driburg;1
102;18;dieBasis;-;Hendricks;Dennis Johannes;;Laboringenieur;1981;Höxter;1
103;4;AfD;-;Geitz;Andreas;;Kaufmann;1964;Hagen;1
103;6;DIE LINKE;-;Hasenberg;Marvin;;Fachkraft für Veranstaltungstechnik;1995;Hagen;1
103;13;MLPD;-;Funk;Reinhard Johannes;;Werkzeugmacher;1958;Hagen;1
104;4;AfD;-;Korte;Carl-Dietrich;;Lehrer;1960;Ennepetal;1
104;6;DIE LINKE;-;Sondermeyer;Ralf;;Büroangestellter;1961;Hagen;1
105;4;AfD;-;Paffrath;André;;Gefahrgutbeauftragter;1983;Schwelm;1
105;6;DIE LINKE;-;Halbe;Pauline;;Studierende;1997;Schwelm;2
105;8;Die PARTEI;-;Lehmkühler;Dagmar;;Beamtin i.R.;1954;Wetter (Ruhr);2
105;9;FREIE WÄHLER;-;Buchholz;Karen;;Staatlich anerkannte Erzieherin;1972;Wetter (Ruhr);2
105;5;GRÜNE;-;Karsten;Alexander;;Dipl.-Finanzwirt;1972;Sprockhövel;1
106;4;AfD;-;Valton;Jean;;Pflegefachkraft;1981;Ennepetal;1
106;6;DIE LINKE;-;Weiß;Ursula;;Sozialwissenschaftlerin;1960;Witten;2
106;8;Die PARTEI;-;Strahmann;Bennet;;Schüler;2004;Witten;1
106;13;MLPD;-;Czylwick;Achim;;Drucker;1954;Witten;1
107;4;AfD;-;Fischer;Udo;;Dipl.-Wirtschaftsingenieur;1954;Essen;1
107;6;DIE LINKE;-;Ratajczak;Sven-Eric;;Servicetechniker;1972;Bochum;1
107;8;Die PARTEI;-;Lütkemeier;Christian;;Schulbegleiter;1984;Bochum;1
107;18;dieBasis;-;Kohn;Noel;;Lehrer;1988;Bochum;1
107;36;Einzelbewerber/-in 1;-;Krieger;Pascal;;Auszubildender zum Integrationsassistenten;1976;Bochum;1
108;4;AfD;-;Zarei;Abolfazl;;Qualitätsmanager;1968;Bochum;1
108;6;DIE LINKE;-;Koolen;Bernhard;;Schulleiter i.R.;1955;Bochum;1
108;18;dieBasis;-;Bothmann;Frank;;Stadtplaner;1962;Bochum;1
108;36;Einzelbewerber/-in 1;-;Dicke;Hartmut;;Kaufmann;1966;Bochum;1
108;3;FDP;-;Yerlikaya;Jennifer;;Oberstudienrätin;1971;Bochum;2
108;28;Team Todenhöfer;-;El Sayed;Yahia;;Schüler;2002;Bochum;1
109;6;DIE LINKE;-;Rüdiger;Kristina;;Sozialwissenschaftlerin;1971;Bochum;2
109;8;Die PARTEI;-;Backs;Arnim Jörg Daniel;;Dipl.- Psychologe;1972;Bochum;1
109;18;dieBasis;-;Triebel;Andreas;Dr.;Arzt;1945;Bochum;1
109;5;GRÜNE;-;Bischoff;Hans;;Berufsfeuerwehrmann/Rettungssanitäter;1993;Bochum;1
109;28;Team Todenhöfer;-;Scharrer;Samuel;;Geologe;1990;Bochum;1
110;18;dieBasis;-;Weber;Michael;;Immobilienkaufmann;1981;Bochum;1
110;13;MLPD;-;Weispfenning;Peter Georg;;Rechtsanwalt;1967;Herne;1
111;4;AfD;-;Bohnhof;Peter;;Rechtsanwalt;1962;Dortmund;1
111;6;DIE LINKE;-;Götz;Kevin;;Auszubildender;1994;Dortmund;1
111;18;dieBasis;-;Gnad;Werner;;Finanz- und Versicherungsmakler;1954;Dortmund;1
111;29;Volt;-;Salih;Rawand;;Student;1995;Dortmund;1
112;4;AfD;-;Seitz;Wolfgang;;Geschäftsführer;1966;Dortmund;1
112;6;DIE LINKE;-;Lemke;Sonja;;Physikerin;1991;Dortmund;2
112;18;dieBasis;-;Klein;Christoph;;Rentner;1941;Dortmund;1
112;29;Volt;-;Große Holthaus;Tiade;;Kundenbetreuer;1988;Dortmund;1
113;4;AfD;-;Thomas;Dirk;;Angestellter;1970;Dortmund;1
113;6;DIE LINKE;-;Esch;Andreas;;Staatlich geprüfter Maschinenbautechniker;1961;Dortmund;1
113;18;dieBasis;-;Krurup;Thomas;;Pflegefachkraft;1968;Dortmund;1
114;4;AfD;-;Wagner;Walter;;Unternehmensberater;1960;Dortmund;1
114;6;DIE LINKE;-;Lammers;Adelgunde;;Hausfrau;1959;Dortmund;2
114;18;dieBasis;-;Lohse;Achim;;Dipl.-Designer (FH);1974;Dortmund;1
114;3;FDP;-;Isselhorst;Jens;;Procurement Manager;1993;Dortmund;1
114;27;Tierschutzpartei;-;Brindöpke;Justin;;Student;1998;Ennepetal;1
115;4;AfD;-;Chmielecki;Jürgen;;Sozialtherapeut;1965;Unna;1
115;6;DIE LINKE;-;Willnat;Anke;;Selbstständige Musikerin;1976;Schwerte;2
115;8;Die PARTEI;-;Schouwink;Frederik;;Schüler;2003;Unna;1
115;18;dieBasis;-;Helios;Artur;;Selbstständiger Dipl.-Ökonom;1965;Fröndenberg/Ruhr;1
115;5;GRÜNE;-;Hierweck;Hans;;Projektreferent;1984;Dortmund;1
116;4;AfD;-;Hagelstein;Friederike;;Studentin;1996;Lünen;2
116;8;Die PARTEI;-;Röppenack;Jens;;Dipl.-Sozialarbeiter;1981;Selm;1
116;5;GRÜNE;-;Heil;Gerrit;Dr.;Unternehmer;1976;Bönen;1
117;4;AfD;-;Lehmann;Ulrich;;Architekt;1970;Kamen;1
117;8;Die PARTEI;-;Strzalka;Sebastian;;Landschaftsgärtner;1983;Bönen;1
117;5;GRÜNE;-;Ziel;Maximilian;;Rechtsanwalt;1990;Schwerte;1
118;4;AfD;-;Jung;Pierre;;Berufskraftfahrer;1976;Düsseldorf;1
118;6;DIE LINKE;-;Kleinemeier;Sven;;Angestellter;1981;Hamm;1
119;4;AfD;-;Jacobi;Wilfried;Dr.;Dipl.-Chemiker;1943;Bad Sassendorf;1
119;6;DIE LINKE;-;Linnhoff;Roland;;Postbeamter a. D.;1969;Soest;1
119;36;Einzelbewerber/-in 1;-;Prünte;Christoph;;Dipl.-Ingenieur;1981;Werl;1
119;5;GRÜNE;-;Klug;Jürgen;;Erzieher, freier Journalist;1966;Soest;1
120;6;DIE LINKE;-;Mühlfeld;Nikola;;Erzieherin;1959;Lippstadt;2
120;9;FREIE WÄHLER;-;Kappelhoff;Andreas;;Geschäftsführer;1967;Soest;1
121;4;AfD;-;Laatsch;Klaus;;Elektroinstallateur;1977;Iserlohn;1
121;6;DIE LINKE;-;Wolff;Nancy;;Speditionskauffrau;1985;Iserlohn;2
121;9;FREIE WÄHLER;-;Triches;Petra;;Dipl.-Betriebswirtin;1966;Nachrodt-Wiblingwerde;2
121;5;GRÜNE;-;Haberle;John;;Dipl.-Sozialwissenschaftler;1970;Iserlohn;1
122;4;AfD;-;Karagiannidis;Charalambos;;Fachkraft für Schutz und Sicherheit;1967;Menden;1
122;6;DIE LINKE;-;Förster;Udo;;Kaufmann im Außendienst;1966;Menden;1
122;18;dieBasis;-;Robert;Tom;;Technischer Angestellter;1979;Iserlohn;1
122;5;GRÜNE;-;Olbrich;Sylvia;;Pflegemutter;1977;Iserlohn;2
123;4;AfD;-;Karpinsky;Horst;;Industriekaufmann;1966;Plettenberg;1
123;6;DIE LINKE;-;Ersching;Otto;;Werkzeugkonstrukteur;1965;Lüdenscheid;1
123;5;GRÜNE;-;Decker;Julia;;Physiotherapeutin;1981;Lüdenscheid;2
124;1;CDU;-;Kaiser;Klaus;;Mitglied des Landtages;1957;Arnsberg;1
124;6;DIE LINKE;-;Gössling;Karl-Ludwig;;Pensionär;1957;Bestwig;1
124;8;Die PARTEI;-;Greiwe;Idiz;;Schüler;2004;Sundern;1
124;9;FREIE WÄHLER;-;Klein;Hans;;Bankkaufmann;1952;Sundern;1
125;4;AfD;-;Hartwig;Nils;;Student;1992;Holzwickede;1
125;1;CDU;-;Kerkhoff;Matthias;;Mitglied des Landtages;1979;Olsberg;1
125;6;DIE LINKE;-;Prange;Reinhard;;Rentner;1947;Brilon;1
125;8;Die PARTEI;-;Würfel;Pauline;;Verkäuferin;1998;Marsberg;2
125;5;GRÜNE;-;Grunwald;Bastian;;Schulbegleiter;1989;Brilon;1
126;4;AfD;-;Zoz;Henning;;Unternehmer;1964;Freudenberg;1
126;6;DIE LINKE;-;Stadler;Mark Philip;;Projektmitarbeiter;1986;Netphen;1
126;8;Die PARTEI;-;Pietruschka;Thomas;;Student;1990;Siegen;1
126;18;dieBasis;-;Knocke;Ralf Bernhard;;Dipl.-Sozialarbeiter grad.;1953;Siegen;1
126;9;FREIE WÄHLER;-;Linde;Horst Günter;;Beamter;1960;Bad Berleburg;1
127;6;DIE LINKE;-;Wiegel;Roland;;Studium des Wirtschaftsingenieurwesens;1997;Siegen;1
127;8;Die PARTEI;-;Schmidt;Markus;;Bürokaufmann;1982;Bad Laasphe;1
127;18;dieBasis;-;Schmidt;Frank;;Energieanlagenelektroniker;1965;Kreuztal;1
127;5;GRÜNE;-;Remmel;Johannes;;Politiker;1962;Siegen;1
127;29;Volt;-;Weber;Luca;;Student;2000;Siegen;1
128;4;AfD;-;Stephan;Ursula Regine;;Realschullehrerin;1952;Hilchenbach;2
128;1;CDU;-;Ritter;Jochen;;Dipl.-Verwaltungswirt (FH), Dipl.-Wirtschaftsingenieur (FH);1966;Olpe;1
128;6;DIE LINKE;-;Bock;Thomas;;Student der Sozialen Arbeit;1984;Attendorn;1
128;17;DKP;-;Prevorcic;Engelbert;;Tischler;1953;Lennestadt;1
